Team,Map,Wins,Played,Winrate
100 Thieves,Abyss,2,3,66.67
2Game Esports,Abyss,0,1,0.0
All Gamers,Abyss,3,6,50.0
Apeks,Abyss,0,1,0.0
BBL Esports,Abyss,5,7,71.43
Bilibili Gaming,Abyss,5,8,62.5
Cloud9,Abyss,1,4,25.0
DRX,Abyss,10,10,100.0
DetonatioN FocusMe,Abyss,4,5,80.0
Dragon Ranger Gaming,Abyss,2,7,28.57
EDward Gaming,Abyss,6,9,66.67
ENVY,Abyss,0,3,0.0
Enterprise Esports,Abyss,2,3,66.67
Evil Geniuses,Abyss,3,5,60.0
FNATIC,Abyss,7,13,53.85
FULL SENSE,Abyss,0,1,0.0
FURIA,Abyss,3,6,50.0
FUT Esports,Abyss,1,4,25.0
Fire Flux Esports,Abyss,1,2,50.0
FunPlus Phoenix,Abyss,0,3,0.0
G2 Esports,Abyss,10,15,66.67
GIANTX,Abyss,2,3,66.67
Gen.G,Abyss,2,5,40.0
Gentle Mates,Abyss,3,6,50.0
Global Esports,Abyss,4,8,50.0
JDG Esports,Abyss,3,5,60.0
KOI,Abyss,0,1,0.0
KRÜ Esports,Abyss,3,6,50.0
Karmine Corp,Abyss,2,5,40.0
Kiwoom DRX,Abyss,1,3,33.33
LEVIATÁN,Abyss,3,5,60.0
LOUD,Abyss,2,4,50.0
MIBR,Abyss,5,12,41.67
NRG,Abyss,8,14,57.14
Natus Vincere,Abyss,1,2,50.0
Nongshim RedForce,Abyss,4,6,66.67
Nova Esports,Abyss,2,3,66.67
ONSIDE GAMING,Abyss,0,1,0.0
PCIFIC Esports,Abyss,1,3,33.33
Paper Rex,Abyss,1,4,25.0
Precise Defeat,Abyss,1,1,100.0
Pure Aim,Abyss,0,1,0.0
Rex Regum Qeon,Abyss,2,6,33.33
Sentinels,Abyss,4,7,57.14
T1,Abyss,2,4,50.0
TALON,Abyss,1,1,100.0
TYLOO,Abyss,1,3,33.33
Team Heretics,Abyss,3,13,23.08
Team Liquid,Abyss,9,13,69.23
Team Secret,Abyss,1,2,50.0
Team Vitality,Abyss,4,8,50.0
Titan Esports Club,Abyss,2,4,50.0
Trace Esports,Abyss,2,8,25.0
ULF Esports,Abyss,1,1,100.0
VARREL,Abyss,0,1,0.0
Wolves Esports,Abyss,2,5,40.0
Xi Lai Gaming,Abyss,2,8,25.0
ZETA DIVISION,Abyss,1,2,50.0
100 Thieves,Ascent,6,10,60.0
2Game Esports,Ascent,3,6,50.0
A Team,Ascent,0,1,0.0
Acend,Ascent,4,5,80.0
All Gamers,Ascent,3,7,42.86
Apeks,Ascent,1,5,20.0
BBL Esports,Ascent,9,15,60.0
BESTIA,Ascent,0,1,0.0
BOOM Esports,Ascent,3,7,42.86
Bilibili Gaming,Ascent,6,10,60.0
Cat Gang,Ascent,0,1,0.0
Cloud9,Ascent,2,5,40.0
Crazy Raccoon,Ascent,0,2,0.0
DRX,Ascent,16,19,84.21
DetonatioN FocusMe,Ascent,5,12,41.67
Dominus Esports,Ascent,0,1,0.0
Dragon Ranger Gaming,Ascent,8,12,66.67
EDward Gaming,Ascent,8,16,50.0
ENVY,Ascent,7,10,70.0
Eintracht Frankfurt,Ascent,1,2,50.0
Eternal Fire,Ascent,2,6,33.33
Evil Geniuses,Ascent,7,10,70.0
F4Q,Ascent,0,2,0.0
FNATIC,Ascent,11,26,42.31
FULL SENSE,Ascent,2,3,66.67
FURIA,Ascent,1,11,9.09
FUT Esports,Ascent,6,13,46.15
Fire Flux Esports,Ascent,2,2,100.0
Fluxo W7M,Ascent,0,1,0.0
FunPlus Phoenix,Ascent,9,16,56.25
G2 Esports,Ascent,15,21,71.43
GIANTX,Ascent,8,15,53.33
Gambit Esports,Ascent,2,5,40.0
Gen.G,Ascent,6,12,50.0
Gentle Mates,Ascent,4,10,40.0
Giants Gaming,Ascent,0,1,0.0
Global Esports,Ascent,4,7,57.14
Guild Esports,Ascent,0,2,0.0
JDG Esports,Ascent,3,6,50.0
Joblife,Ascent,1,3,33.33
KOI,Ascent,1,3,33.33
KRÜ Esports,Ascent,8,17,47.06
Kantic 2.0,Ascent,1,1,100.0
Karmine Corp,Ascent,3,5,60.0
KeepBest Gaming,Ascent,0,1,0.0
Kiwoom DRX,Ascent,1,3,33.33
LEVIATÁN,Ascent,10,15,66.67
LOUD,Ascent,12,18,66.67
Lavie,Ascent,1,1,100.0
Liberty,Ascent,0,1,0.0
M80,Ascent,0,1,0.0
MIBR,Ascent,3,10,30.0
MadHood,Ascent,1,1,100.0
Made In Vietnam,Ascent,1,1,100.0
NORTHEPTION,Ascent,0,2,0.0
NRG,Ascent,4,11,36.36
NUTURN,Ascent,3,3,100.0
Natus Vincere,Ascent,5,10,50.0
Ninjas In Pyjamas,Ascent,1,1,100.0
Nongshim RedForce,Ascent,6,14,42.86
Nova Esports,Ascent,3,7,42.86
ONSIDE GAMING,Ascent,1,3,33.33
OpTic Gaming,Ascent,3,11,27.27
PCIFIC Esports,Ascent,1,5,20.0
Papara SuperMassive,Ascent,1,2,50.0
Paper Rex,Ascent,16,25,64.0
Peeky Blinders,Ascent,0,2,0.0
Penguins and Frogs,Ascent,0,1,0.0
QT DIG∞,Ascent,0,1,0.0
Rex Regum Qeon,Ascent,5,17,29.41
Sentinels,Ascent,3,10,30.0
Sharks Esports,Ascent,0,1,0.0
Sharper Esports,Ascent,3,3,100.0
T1,Ascent,5,11,45.45
TALON,Ascent,1,3,33.33
TYLOO,Ascent,2,6,33.33
Team Heretics,Ascent,12,19,63.16
Team International,Ascent,0,1,0.0
Team Liquid,Ascent,17,25,68.0
Team Secret,Ascent,2,7,28.57
Team Thailand,Ascent,1,1,100.0
Team Vikings,Ascent,1,2,50.0
Team Vitality,Ascent,5,10,50.0
The Mad Men,Ascent,1,2,50.0
Titan Esports Club,Ascent,4,7,57.14
Trace Esports,Ascent,5,12,41.67
VARREL,Ascent,1,1,100.0
VICTORY,Ascent,1,1,100.0
Version1,Ascent,2,4,50.0
Vision Strikers,Ascent,0,1,0.0
Wolves Esports,Ascent,5,9,55.56
X10 Esports,Ascent,1,3,33.33
XERXIA Esports,Ascent,2,4,50.0
XSET,Ascent,1,3,33.33
Xi Lai Gaming,Ascent,4,7,57.14
ZETA DIVISION,Ascent,1,7,14.29
100 Thieves,Bind,9,15,60.0
2Game Esports,Bind,0,1,0.0
Acend,Bind,5,5,100.0
All Gamers,Bind,5,11,45.45
Apeks,Bind,0,1,0.0
BBL Esports,Bind,1,4,25.0
BOOM Esports,Bind,2,5,40.0
Bilibili Gaming,Bind,6,13,46.15
Cat Gang,Bind,1,2,50.0
Cloud9,Bind,3,5,60.0
Crazy Raccoon,Bind,0,1,0.0
DRX,Bind,11,17,64.71
DetonatioN FocusMe,Bind,1,3,33.33
Dominus Esports,Bind,0,2,0.0
Dragon Ranger Gaming,Bind,3,6,50.0
EDward Gaming,Bind,12,21,57.14
ENVY,Bind,3,6,50.0
Eternal Fire,Bind,2,2,100.0
Evil Geniuses,Bind,3,9,33.33
F4Q,Bind,1,2,50.0
FNATIC,Bind,17,27,62.96
FULL SENSE,Bind,2,3,66.67
FURIA,Bind,0,3,0.0
FUT Esports,Bind,6,12,50.0
FunPlus Phoenix,Bind,8,16,50.0
G2 Esports,Bind,10,16,62.5
GIANTX,Bind,3,12,25.0
Gambit Esports,Bind,5,6,83.33
Gen.G,Bind,1,6,16.67
Gentle Mates,Bind,5,8,62.5
Giants Gaming,Bind,0,1,0.0
Global Esports,Bind,1,5,20.0
Guild Esports,Bind,0,2,0.0
JDG Esports,Bind,2,6,33.33
KOI,Bind,0,2,0.0
KRÜ Esports,Bind,8,16,50.0
Kantic 2.0,Bind,2,2,100.0
Karmine Corp,Bind,4,7,57.14
Keyd Stars,Bind,0,2,0.0
Kiwoom DRX,Bind,1,3,33.33
LEVIATÁN,Bind,8,13,61.54
LOUD,Bind,4,13,30.77
Lavie,Bind,0,1,0.0
MIBR,Bind,4,9,44.44
Made In Vietnam,Bind,1,1,100.0
NORTHEPTION,Bind,1,2,50.0
NRG,Bind,4,11,36.36
NUTURN,Bind,1,3,33.33
Natus Vincere,Bind,5,13,38.46
Nongshim RedForce,Bind,6,8,75.0
Nova Esports,Bind,2,5,40.0
OpTic Gaming,Bind,11,12,91.67
PCIFIC Esports,Bind,1,1,100.0
Papara SuperMassive,Bind,0,2,0.0
Paper Rex,Bind,12,22,54.55
Peeky Blinders,Bind,0,1,0.0
Penguins and Frogs,Bind,1,1,100.0
Rex Regum Qeon,Bind,2,8,25.0
Sentinels,Bind,6,10,60.0
Sharks Esports,Bind,0,2,0.0
T1,Bind,12,18,66.67
TALON,Bind,5,10,50.0
TYLOO,Bind,5,9,55.56
Team Heretics,Bind,7,12,58.33
Team Liquid,Bind,16,27,59.26
Team Secret,Bind,2,4,50.0
Team Vikings,Bind,1,1,100.0
Team Vitality,Bind,4,13,30.77
The Mad Men,Bind,1,2,50.0
Titan Esports Club,Bind,2,4,50.0
Trace Esports,Bind,6,13,46.15
ULF Esports,Bind,0,1,0.0
VARREL,Bind,1,3,33.33
Vision Strikers,Bind,0,1,0.0
Wolves Esports,Bind,2,7,28.57
XERXIA Esports,Bind,0,2,0.0
XSET,Bind,0,2,0.0
Xi Lai Gaming,Bind,10,13,76.92
ZETA DIVISION,Bind,2,10,20.0
100 Thieves,Breeze,9,15,60.0
Acend,Breeze,2,4,50.0
All Gamers,Breeze,1,2,50.0
BBL Esports,Breeze,5,11,45.45
BESTIA,Breeze,2,3,66.67
BOOM Esports,Breeze,1,1,100.0
Bilibili Gaming,Breeze,3,6,50.0
Cat Gang,Breeze,1,3,33.33
Cloud9,Breeze,8,13,61.54
DRX,Breeze,5,8,62.5
DetonatioN FocusMe,Breeze,2,5,40.0
Dominus Esports,Breeze,0,1,0.0
Dragon Ranger Gaming,Breeze,5,10,50.0
EDward Gaming,Breeze,9,14,64.29
ENVY,Breeze,3,6,50.0
Eternal Fire,Breeze,1,2,50.0
Evil Geniuses,Breeze,2,6,33.33
F4Q,Breeze,0,2,0.0
FNATIC,Breeze,4,8,50.0
FULL SENSE,Breeze,1,6,16.67
FURIA,Breeze,7,15,46.67
FUT Esports,Breeze,1,2,50.0
Fluxo W7M,Breeze,0,1,0.0
FunPlus Phoenix,Breeze,4,8,50.0
G2 Esports,Breeze,10,18,55.56
GIANTX,Breeze,0,5,0.0
Gambit Esports,Breeze,5,5,100.0
Gen.G,Breeze,3,6,50.0
Gentle Mates,Breeze,0,1,0.0
Global Esports,Breeze,7,11,63.64
Guild Esports,Breeze,1,1,100.0
JDG Esports,Breeze,3,8,37.5
Joblife,Breeze,2,2,100.0
KRÜ Esports,Breeze,2,12,16.67
Kantic 2.0,Breeze,1,1,100.0
Karmine Corp,Breeze,0,3,0.0
KeepBest Gaming,Breeze,0,1,0.0
Keyd Stars,Breeze,1,2,50.0
Kiwoom DRX,Breeze,2,6,33.33
LEVIATÁN,Breeze,0,6,0.0
LOUD,Breeze,9,12,75.0
Lavie,Breeze,1,2,50.0
M80,Breeze,0,1,0.0
MIBR,Breeze,6,10,60.0
Made In Vietnam,Breeze,0,1,0.0
NRG,Breeze,13,18,72.22
Natus Vincere,Breeze,2,5,40.0
Ninjas In Pyjamas,Breeze,0,1,0.0
Nongshim RedForce,Breeze,9,11,81.82
Nova Esports,Breeze,4,6,66.67
ONSIDE GAMING,Breeze,1,1,100.0
OpTic Gaming,Breeze,3,7,42.86
PCIFIC Esports,Breeze,0,2,0.0
Papara SuperMassive,Breeze,1,1,100.0
Paper Rex,Breeze,10,18,55.56
Penguins and Frogs,Breeze,1,1,100.0
QT DIG∞,Breeze,0,1,0.0
Rex Regum Qeon,Breeze,2,11,18.18
Sentinels,Breeze,6,12,50.0
Sharper Esports,Breeze,2,3,66.67
T1,Breeze,7,11,63.64
TYLOO,Breeze,6,9,66.67
Team Deadshot,Breeze,2,2,100.0
Team Heretics,Breeze,4,6,66.67
Team Liquid,Breeze,10,13,76.92
Team Secret,Breeze,1,7,14.29
Team Vitality,Breeze,7,11,63.64
Titan Esports Club,Breeze,3,9,33.33
Trace Esports,Breeze,3,8,37.5
ULF Esports,Breeze,0,2,0.0
VARREL,Breeze,0,2,0.0
VICTORY,Breeze,0,1,0.0
Vision Strikers,Breeze,1,2,50.0
Wolves Esports,Breeze,0,3,0.0
X10 Esports,Breeze,0,2,0.0
XSET,Breeze,1,1,100.0
Xi Lai Gaming,Breeze,5,12,41.67
ZETA DIVISION,Breeze,2,5,40.0
100 Thieves,Corrode,4,5,80.0
2Game Esports,Corrode,0,1,0.0
All Gamers,Corrode,3,5,60.0
Apeks,Corrode,1,2,50.0
BBL Esports,Corrode,1,3,33.33
BOOM Esports,Corrode,0,3,0.0
Bilibili Gaming,Corrode,1,2,50.0
Cloud9,Corrode,1,4,25.0
DRX,Corrode,2,6,33.33
DetonatioN FocusMe,Corrode,1,3,33.33
Dragon Ranger Gaming,Corrode,4,7,57.14
EDward Gaming,Corrode,7,9,77.78
ENVY,Corrode,1,3,33.33
Evil Geniuses,Corrode,3,6,50.0
FNATIC,Corrode,5,8,62.5
FULL SENSE,Corrode,1,2,50.0
FURIA,Corrode,1,3,33.33
FUT Esports,Corrode,1,1,100.0
FunPlus Phoenix,Corrode,1,1,100.0
G2 Esports,Corrode,5,13,38.46
GIANTX,Corrode,2,4,50.0
Gen.G,Corrode,2,3,66.67
Gentle Mates,Corrode,1,6,16.67
Global Esports,Corrode,2,5,40.0
Glory Once Again,Corrode,0,1,0.0
JDG Esports,Corrode,1,6,16.67
KOI,Corrode,1,1,100.0
KRÜ Esports,Corrode,0,2,0.0
Karmine Corp,Corrode,0,3,0.0
Kiwoom DRX,Corrode,2,3,66.67
LEVIATÁN,Corrode,1,2,50.0
LOUD,Corrode,0,1,0.0
MIBR,Corrode,6,8,75.0
NRG,Corrode,9,11,81.82
Natus Vincere,Corrode,2,4,50.0
Nongshim RedForce,Corrode,6,8,75.0
Nova Esports,Corrode,1,3,33.33
Paper Rex,Corrode,4,9,44.44
Rex Regum Qeon,Corrode,6,9,66.67
Sentinels,Corrode,4,7,57.14
T1,Corrode,2,5,40.0
TALON,Corrode,3,4,75.0
TYLOO,Corrode,4,7,57.14
Team Alpha,Corrode,1,1,100.0
Team EMEA,Corrode,1,1,100.0
Team France,Corrode,0,1,0.0
Team Heretics,Corrode,3,4,75.0
Team Liquid,Corrode,2,8,25.0
Team Omega,Corrode,0,1,0.0
Team Secret,Corrode,0,2,0.0
Team Vitality,Corrode,4,4,100.0
Team World,Corrode,1,1,100.0
Titan Esports Club,Corrode,1,3,33.33
Trace Esports,Corrode,1,2,50.0
ULF Esports,Corrode,0,1,0.0
VARREL,Corrode,1,1,100.0
Wolves Esports,Corrode,0,3,0.0
Xi Lai Gaming,Corrode,0,1,0.0
ZETA DIVISION,Corrode,1,3,33.33
100 Thieves,Fracture,4,7,57.14
Acend,Fracture,0,1,0.0
All Gamers,Fracture,2,5,40.0
BBL Esports,Fracture,2,6,33.33
BOOM Esports,Fracture,2,6,33.33
Bilibili Gaming,Fracture,5,9,55.56
Cloud9,Fracture,2,4,50.0
DRX,Fracture,11,14,78.57
DetonatioN FocusMe,Fracture,1,4,25.0
Dragon Ranger Gaming,Fracture,2,4,50.0
EDward Gaming,Fracture,11,15,73.33
ENVY,Fracture,0,1,0.0
Eternal Fire,Fracture,1,3,33.33
Evil Geniuses,Fracture,3,5,60.0
FNATIC,Fracture,12,18,66.67
FULL SENSE,Fracture,2,4,50.0
FURIA,Fracture,1,3,33.33
FUT Esports,Fracture,4,5,80.0
FunPlus Phoenix,Fracture,8,11,72.73
G2 Esports,Fracture,3,5,60.0
GIANTX,Fracture,2,3,66.67
Gambit Esports,Fracture,2,2,100.0
Gen.G,Fracture,1,4,25.0
Gentle Mates,Fracture,2,7,28.57
Giants Gaming,Fracture,0,1,0.0
Global Esports,Fracture,0,1,0.0
Guild Esports,Fracture,1,2,50.0
JDG Esports,Fracture,3,7,42.86
KOI,Fracture,2,2,100.0
KRÜ Esports,Fracture,1,7,14.29
Karmine Corp,Fracture,2,6,33.33
Kiwoom DRX,Fracture,2,4,50.0
LEVIATÁN,Fracture,2,7,28.57
LOUD,Fracture,3,6,50.0
MIBR,Fracture,1,3,33.33
NORTHEPTION,Fracture,0,1,0.0
NRG,Fracture,5,10,50.0
Natus Vincere,Fracture,3,6,50.0
Ninjas In Pyjamas,Fracture,0,1,0.0
Nongshim RedForce,Fracture,2,6,33.33
Nova Esports,Fracture,3,7,42.86
OpTic Gaming,Fracture,7,11,63.64
PCIFIC Esports,Fracture,0,1,0.0
Paper Rex,Fracture,11,16,68.75
Rex Regum Qeon,Fracture,5,7,71.43
Sentinels,Fracture,1,3,33.33
T1,Fracture,5,11,45.45
TALON,Fracture,2,4,50.0
TYLOO,Fracture,5,8,62.5
Team Heretics,Fracture,5,9,55.56
Team Liquid,Fracture,5,12,41.67
Team Secret,Fracture,1,3,33.33
Team Vitality,Fracture,2,3,66.67
The Guard,Fracture,0,1,0.0
Titan Esports Club,Fracture,6,13,46.15
Trace Esports,Fracture,0,4,0.0
VARREL,Fracture,0,2,0.0
Vision Strikers,Fracture,0,1,0.0
Wolves Esports,Fracture,2,7,28.57
X10 Esports,Fracture,0,1,0.0
XERXIA Esports,Fracture,0,2,0.0
XSET,Fracture,2,3,66.67
Xi Lai Gaming,Fracture,5,7,71.43
ZETA DIVISION,Fracture,5,12,41.67
100 Thieves,Haven,14,23,60.87
2Game Esports,Haven,0,6,0.0
A Team,Haven,1,1,100.0
Acend,Haven,0,2,0.0
All Gamers,Haven,5,12,41.67
Apeks,Haven,0,4,0.0
BBL Esports,Haven,9,20,45.0
BOOM Esports,Haven,3,4,75.0
Bilibili Gaming,Haven,8,23,34.78
Cat Gang,Haven,0,2,0.0
Cloud9,Haven,8,14,57.14
Crazy Raccoon,Haven,1,4,25.0
DRX,Haven,10,21,47.62
DetonatioN FocusMe,Haven,4,12,33.33
Dominus Esports,Haven,2,2,100.0
Dragon Ranger Gaming,Haven,12,22,54.55
EDward Gaming,Haven,16,29,55.17
ENVY,Haven,4,11,36.36
Eintracht Frankfurt,Haven,2,2,100.0
Enterprise Esports,Haven,1,2,50.0
Eternal Fire,Haven,0,1,0.0
Evil Geniuses,Haven,5,15,33.33
F4Q,Haven,0,2,0.0
FNATIC,Haven,21,37,56.76
FULL SENSE,Haven,1,8,12.5
FURIA,Haven,8,22,36.36
FUT Esports,Haven,10,17,58.82
Fire Flux Esports,Haven,0,1,0.0
FunPlus Phoenix,Haven,6,15,40.0
G2 Esports,Haven,21,32,65.62
GIANTX,Haven,9,17,52.94
Gambit Esports,Haven,1,1,100.0
Gen.G,Haven,16,22,72.73
Gentle Mates,Haven,11,19,57.89
Global Esports,Haven,5,12,41.67
JDG Esports,Haven,8,20,40.0
KOI,Haven,1,4,25.0
KRÜ Esports,Haven,13,26,50.0
Karmine Corp,Haven,11,17,64.71
Keyd Stars,Haven,0,2,0.0
Kiwoom DRX,Haven,6,10,60.0
LEVIATÁN,Haven,12,19,63.16
LOUD,Haven,10,23,43.48
Lavie,Haven,1,1,100.0
Liberty,Haven,0,1,0.0
MIBR,Haven,12,22,54.55
MadHood,Haven,1,1,100.0
NORTHEPTION,Haven,1,1,100.0
NRG,Haven,15,24,62.5
NUTURN,Haven,0,4,0.0
Natus Vincere,Haven,7,14,50.0
Nongshim RedForce,Haven,10,19,52.63
Nova Esports,Haven,2,7,28.57
ONSIDE GAMING,Haven,2,2,100.0
OpTic Gaming,Haven,6,9,66.67
PCIFIC Esports,Haven,0,3,0.0
Papara SuperMassive,Haven,0,1,0.0
Paper Rex,Haven,15,25,60.0
Penguins and Frogs,Haven,0,1,0.0
QT DIG∞,Haven,1,1,100.0
Rex Regum Qeon,Haven,14,26,53.85
Sentinels,Haven,18,30,60.0
Sharks Esports,Haven,1,1,100.0
Sharper Esports,Haven,1,3,33.33
T1,Haven,17,29,58.62
TALON,Haven,6,9,66.67
TYLOO,Haven,6,16,37.5
Team Heretics,Haven,18,26,69.23
Team Liquid,Haven,12,23,52.17
Team Secret,Haven,4,10,40.0
Team Vikings,Haven,1,4,25.0
Team Vitality,Haven,8,21,38.1
The Guard,Haven,1,2,50.0
The Mad Men,Haven,0,1,0.0
Titan Esports Club,Haven,6,15,40.0
Trace Esports,Haven,3,10,30.0
ULF Esports,Haven,0,1,0.0
VARREL,Haven,3,9,33.33
Version1,Haven,2,2,100.0
Vision Strikers,Haven,4,4,100.0
Wolves Esports,Haven,7,14,50.0
X10 Esports,Haven,3,4,75.0
XERXIA Esports,Haven,1,4,25.0
XSET,Haven,0,3,0.0
Xi Lai Gaming,Haven,14,22,63.64
Xipto Esports,Haven,0,1,0.0
ZETA DIVISION,Haven,4,20,20.0
100 Thieves,Icebox,4,8,50.0
2Game Esports,Icebox,0,2,0.0
Acend,Icebox,2,4,50.0
All Gamers,Icebox,3,4,75.0
Apeks,Icebox,0,3,0.0
BBL Esports,Icebox,5,8,62.5
BOOM Esports,Icebox,1,2,50.0
Bilibili Gaming,Icebox,6,10,60.0
Cat Gang,Icebox,1,2,50.0
Cloud9,Icebox,2,5,40.0
Crazy Raccoon,Icebox,0,5,0.0
DRX,Icebox,7,16,43.75
DetonatioN FocusMe,Icebox,2,2,100.0
Dragon Ranger Gaming,Icebox,1,4,25.0
EDward Gaming,Icebox,4,8,50.0
ENVY,Icebox,3,3,100.0
Evil Geniuses,Icebox,2,2,100.0
FNATIC,Icebox,15,19,78.95
FURIA,Icebox,1,3,33.33
FUT Esports,Icebox,0,2,0.0
FunPlus Phoenix,Icebox,5,12,41.67
G2 Esports,Icebox,7,11,63.64
GIANTX,Icebox,1,2,50.0
Gambit Esports,Icebox,5,8,62.5
Gen.G,Icebox,3,7,42.86
Gentle Mates,Icebox,2,3,66.67
Global Esports,Icebox,1,2,50.0
Guild Esports,Icebox,2,2,100.0
JDG Esports,Icebox,2,4,50.0
KOI,Icebox,2,5,40.0
KRÜ Esports,Icebox,7,16,43.75
Karmine Corp,Icebox,5,6,83.33
Keyd Stars,Icebox,1,3,33.33
LEVIATÁN,Icebox,4,12,33.33
LOUD,Icebox,4,7,57.14
Lavie,Icebox,0,1,0.0
Liberty,Icebox,0,1,0.0
MIBR,Icebox,7,8,87.5
MadHood,Icebox,1,2,50.0
Made In Vietnam,Icebox,0,1,0.0
NRG,Icebox,4,5,80.0
Natus Vincere,Icebox,6,8,75.0
Ninjas In Pyjamas,Icebox,0,2,0.0
Nongshim RedForce,Icebox,0,3,0.0
Nova Esports,Icebox,2,3,66.67
OpTic Gaming,Icebox,2,6,33.33
Paper Rex,Icebox,8,13,61.54
Penguins and Frogs,Icebox,1,1,100.0
Rex Regum Qeon,Icebox,7,10,70.0
Sentinels,Icebox,5,13,38.46
Sharks Esports,Icebox,0,1,0.0
T1,Icebox,1,4,25.0
TALON,Icebox,3,8,37.5
TYLOO,Icebox,4,5,80.0
Team Deadshot,Icebox,2,2,100.0
Team Heretics,Icebox,7,14,50.0
Team Liquid,Icebox,2,10,20.0
Team Secret,Icebox,3,7,42.86
Team Vikings,Icebox,2,5,40.0
Team Vitality,Icebox,0,4,0.0
The Guard,Icebox,0,1,0.0
Titan Esports Club,Icebox,2,5,40.0
Trace Esports,Icebox,3,3,100.0
VICTORY,Icebox,0,1,0.0
Version1,Icebox,1,2,50.0
Vision Strikers,Icebox,2,4,50.0
Wolves Esports,Icebox,2,6,33.33
X10 Esports,Icebox,2,5,40.0
XERXIA Esports,Icebox,2,4,50.0
XSET,Icebox,1,1,100.0
Xi Lai Gaming,Icebox,1,5,20.0
ZETA DIVISION,Icebox,4,8,50.0
100 Thieves,Lotus,5,9,55.56
2Game Esports,Lotus,1,6,16.67
A Team,Lotus,0,1,0.0
All Gamers,Lotus,12,22,54.55
Apeks,Lotus,2,8,25.0
BBL Esports,Lotus,9,18,50.0
BESTIA,Lotus,1,1,100.0
BOOM Esports,Lotus,2,6,33.33
Bilibili Gaming,Lotus,15,29,51.72
Cloud9,Lotus,6,18,33.33
DRX,Lotus,12,23,52.17
DetonatioN FocusMe,Lotus,4,16,25.0
Dragon Ranger Gaming,Lotus,14,28,50.0
EDward Gaming,Lotus,13,29,44.83
ENVY,Lotus,1,3,33.33
Eintracht Frankfurt,Lotus,3,4,75.0
Enterprise Esports,Lotus,3,6,50.0
Eternal Fire,Lotus,6,12,50.0
Evil Geniuses,Lotus,9,16,56.25
FNATIC,Lotus,15,28,53.57
FULL SENSE,Lotus,4,7,57.14
FURIA,Lotus,3,7,42.86
FUT Esports,Lotus,6,17,35.29
Fire Flux Esports,Lotus,1,3,33.33
Fluxo W7M,Lotus,1,2,50.0
FunPlus Phoenix,Lotus,1,10,10.0
G2 Esports,Lotus,26,34,76.47
GIANTX,Lotus,5,14,35.71
Gen.G,Lotus,11,19,57.89
Gentle Mates,Lotus,4,15,26.67
Giants Gaming,Lotus,1,1,100.0
Global Esports,Lotus,3,12,25.0
JDG Esports,Lotus,8,13,61.54
Joblife,Lotus,3,4,75.0
KOI,Lotus,2,7,28.57
KRÜ Esports,Lotus,9,18,50.0
Karmine Corp,Lotus,10,20,50.0
Kiwoom DRX,Lotus,4,9,44.44
LEVIATÁN,Lotus,5,11,45.45
LOUD,Lotus,8,16,50.0
MIBR,Lotus,4,16,25.0
NRG,Lotus,18,26,69.23
Natus Vincere,Lotus,2,8,25.0
Nongshim RedForce,Lotus,10,17,58.82
Nova Esports,Lotus,4,11,36.36
ONSIDE GAMING,Lotus,0,1,0.0
PCIFIC Esports,Lotus,2,5,40.0
Paper Rex,Lotus,22,35,62.86
QT DIG∞,Lotus,1,1,100.0
Rex Regum Qeon,Lotus,9,16,56.25
Sentinels,Lotus,16,26,61.54
T1,Lotus,16,27,59.26
TALON,Lotus,5,10,50.0
TYLOO,Lotus,4,8,50.0
Team Heretics,Lotus,18,30,60.0
Team Liquid,Lotus,15,23,65.22
Team Secret,Lotus,3,9,33.33
Team Vitality,Lotus,11,18,61.11
Titan Esports Club,Lotus,1,7,14.29
Trace Esports,Lotus,13,25,52.0
VARREL,Lotus,1,5,20.0
Wolves Esports,Lotus,8,22,36.36
Xi Lai Gaming,Lotus,22,36,61.11
ZETA DIVISION,Lotus,4,10,40.0
100 Thieves,Pearl,4,12,33.33
2Game Esports,Pearl,1,3,33.33
All Gamers,Pearl,2,10,20.0
Apeks,Pearl,1,2,50.0
BBL Esports,Pearl,6,9,66.67
BOOM Esports,Pearl,1,4,25.0
Bilibili Gaming,Pearl,10,13,76.92
Cloud9,Pearl,5,12,41.67
DRX,Pearl,0,2,0.0
DetonatioN FocusMe,Pearl,4,11,36.36
Dragon Ranger Gaming,Pearl,3,9,33.33
EDward Gaming,Pearl,7,15,46.67
ENVY,Pearl,2,5,40.0
Eternal Fire,Pearl,3,3,100.0
Evil Geniuses,Pearl,6,14,42.86
FNATIC,Pearl,1,4,25.0
FULL SENSE,Pearl,5,7,71.43
FURIA,Pearl,3,8,37.5
FUT Esports,Pearl,4,11,36.36
FunPlus Phoenix,Pearl,7,13,53.85
G2 Esports,Pearl,13,16,81.25
GIANTX,Pearl,1,6,16.67
Gen.G,Pearl,2,7,28.57
Gentle Mates,Pearl,9,12,75.0
Giants Gaming,Pearl,1,1,100.0
Global Esports,Pearl,4,7,57.14
JDG Esports,Pearl,4,9,44.44
KOI,Pearl,0,3,0.0
KRÜ Esports,Pearl,2,6,33.33
Karmine Corp,Pearl,3,6,50.0
Kiwoom DRX,Pearl,2,4,50.0
LEVIATÁN,Pearl,4,9,44.44
LOUD,Pearl,3,11,27.27
MIBR,Pearl,4,5,80.0
NRG,Pearl,9,14,64.29
Natus Vincere,Pearl,2,6,33.33
Nongshim RedForce,Pearl,9,10,90.0
Nova Esports,Pearl,1,4,25.0
OpTic Gaming,Pearl,2,2,100.0
PCIFIC Esports,Pearl,1,2,50.0
Paper Rex,Pearl,15,23,65.22
Rex Regum Qeon,Pearl,4,12,33.33
Sentinels,Pearl,8,11,72.73
T1,Pearl,11,16,68.75
TALON,Pearl,0,3,0.0
TYLOO,Pearl,1,9,11.11
Team Heretics,Pearl,4,9,44.44
Team Liquid,Pearl,4,12,33.33
Team Secret,Pearl,1,6,16.67
Team Vitality,Pearl,4,5,80.0
Titan Esports Club,Pearl,1,2,50.0
Trace Esports,Pearl,2,5,40.0
ULF Esports,Pearl,0,1,0.0
VARREL,Pearl,1,2,50.0
Wolves Esports,Pearl,6,8,75.0
XSET,Pearl,3,4,75.0
Xi Lai Gaming,Pearl,6,10,60.0
ZETA DIVISION,Pearl,2,3,66.67
100 Thieves,Split,9,16,56.25
2Game Esports,Split,0,3,0.0
Acend,Split,3,3,100.0
All Gamers,Split,11,21,52.38
Apeks,Split,0,3,0.0
BBL Esports,Split,6,12,50.0
BOOM Esports,Split,0,1,0.0
Bilibili Gaming,Split,4,15,26.67
Cloud9,Split,12,14,85.71
Crazy Raccoon,Split,1,2,50.0
DRX,Split,4,9,44.44
DetonatioN FocusMe,Split,7,9,77.78
Dragon Ranger Gaming,Split,5,11,45.45
EDward Gaming,Split,12,21,57.14
ENVY,Split,2,8,25.0
Eintracht Frankfurt,Split,2,3,66.67
Enterprise Esports,Split,2,2,100.0
Eternal Fire,Split,5,9,55.56
Evil Geniuses,Split,2,8,25.0
F4Q,Split,1,2,50.0
FNATIC,Split,18,28,64.29
FULL SENSE,Split,7,11,63.64
FURIA,Split,6,12,50.0
FUT Esports,Split,7,19,36.84
Fire Flux Esports,Split,3,4,75.0
Fluxo W7M,Split,0,1,0.0
FunPlus Phoenix,Split,3,11,27.27
G2 Esports,Split,14,29,48.28
GIANTX,Split,5,12,41.67
Gambit Esports,Split,2,5,40.0
Gen.G,Split,4,10,40.0
Gentle Mates,Split,4,11,36.36
Giants Gaming,Split,1,2,50.0
Global Esports,Split,9,17,52.94
Guild Esports,Split,1,1,100.0
JDG Esports,Split,6,12,50.0
Joblife,Split,1,4,25.0
KOI,Split,0,2,0.0
KRÜ Esports,Split,6,16,37.5
Karmine Corp,Split,0,6,0.0
Keyd Stars,Split,1,2,50.0
Kiwoom DRX,Split,3,7,42.86
LEVIATÁN,Split,11,18,61.11
LOUD,Split,6,16,37.5
Liberty,Split,0,1,0.0
M80,Split,0,1,0.0
MIBR,Split,11,19,57.89
MadHood,Split,1,1,100.0
NORTHEPTION,Split,0,1,0.0
NRG,Split,2,9,22.22
NUTURN,Split,1,1,100.0
Natus Vincere,Split,9,14,64.29
Ninjas In Pyjamas,Split,2,2,100.0
Nongshim RedForce,Split,11,18,61.11
Nova Esports,Split,5,13,38.46
ONSIDE GAMING,Split,1,1,100.0
OpTic Gaming,Split,3,5,60.0
PCIFIC Esports,Split,2,11,18.18
Papara SuperMassive,Split,1,2,50.0
Paper Rex,Split,19,30,63.33
Peeky Blinders,Split,0,1,0.0
Penguins and Frogs,Split,0,1,0.0
QT DIG∞,Split,0,1,0.0
Rex Regum Qeon,Split,3,5,60.0
Sentinels,Split,12,25,48.0
T1,Split,9,17,52.94
TALON,Split,1,3,33.33
TYLOO,Split,10,16,62.5
Team Deadshot,Split,0,1,0.0
Team Heretics,Split,3,6,50.0
Team Liquid,Split,20,30,66.67
Team Secret,Split,2,12,16.67
Team Vikings,Split,0,1,0.0
Team Vitality,Split,9,17,52.94
The Guard,Split,0,1,0.0
Titan Esports Club,Split,5,11,45.45
Trace Esports,Split,9,13,69.23
ULF Esports,Split,2,2,100.0
VARREL,Split,3,8,37.5
VICTORY,Split,2,2,100.0
Version1,Split,0,2,0.0
Vision Strikers,Split,2,2,100.0
Wolves Esports,Split,4,10,40.0
X10 Esports,Split,1,1,100.0
XERXIA Esports,Split,1,2,50.0
XSET,Split,1,1,100.0
Xi Lai Gaming,Split,10,14,71.43
Xipto Esports,Split,1,1,100.0
ZETA DIVISION,Split,8,21,38.1
100 Thieves,Summit,2,2,100.0
A Team,Summit,0,1,0.0
All Gamers,Summit,2,3,66.67
BBL Esports,Summit,1,2,50.0
BESTIA,Summit,0,1,0.0
Bilibili Gaming,Summit,0,1,0.0
Cloud9,Summit,0,1,0.0
DetonatioN FocusMe,Summit,0,1,0.0
Dragon Ranger Gaming,Summit,1,3,33.33
EDward Gaming,Summit,0,1,0.0
ENVY,Summit,1,2,50.0
Eintracht Frankfurt,Summit,0,1,0.0
Enterprise Esports,Summit,1,2,50.0
Eternal Fire,Summit,1,1,100.0
Evil Geniuses,Summit,2,2,100.0
FNATIC,Summit,0,3,0.0
FULL SENSE,Summit,1,4,25.0
FURIA,Summit,0,3,0.0
FUT Esports,Summit,1,2,50.0
Fire Flux Esports,Summit,2,3,66.67
FunPlus Phoenix,Summit,1,1,100.0
G2 Esports,Summit,1,2,50.0
GIANTX,Summit,1,1,100.0
Gen.G,Summit,3,3,100.0
Gentle Mates,Summit,0,1,0.0
Global Esports,Summit,2,3,66.67
JDG Esports,Summit,2,6,33.33
KRÜ Esports,Summit,1,3,33.33
Karmine Corp,Summit,1,2,50.0
KeepBest Gaming,Summit,0,1,0.0
Kiwoom DRX,Summit,1,2,50.0
LEVIATÁN,Summit,1,4,25.0
LOUD,Summit,3,4,75.0
NRG,Summit,2,2,100.0
Natus Vincere,Summit,1,2,50.0
Nongshim RedForce,Summit,1,2,50.0
Nova Esports,Summit,2,4,50.0
PCIFIC Esports,Summit,0,2,0.0
Paper Rex,Summit,3,3,100.0
QT DIG∞,Summit,0,1,0.0
Rex Regum Qeon,Summit,2,3,66.67
Sentinels,Summit,1,2,50.0
TYLOO,Summit,4,5,80.0
Team Heretics,Summit,3,3,100.0
Team Liquid,Summit,2,4,50.0
Team Secret,Summit,1,3,33.33
Team Vitality,Summit,1,1,100.0
Titan Esports Club,Summit,3,4,75.0
Trace Esports,Summit,1,2,50.0
VARREL,Summit,0,2,0.0
Wolves Esports,Summit,1,2,50.0
Xipto Esports,Summit,0,1,0.0
100 Thieves,Sunset,4,9,44.44
2Game Esports,Sunset,3,4,75.0
A Team,Sunset,0,1,0.0
All Gamers,Sunset,5,11,45.45
Apeks,Sunset,2,2,100.0
BBL Esports,Sunset,8,11,72.73
BESTIA,Sunset,0,1,0.0
Bilibili Gaming,Sunset,6,10,60.0
Cloud9,Sunset,0,3,0.0
DRX,Sunset,1,4,25.0
DetonatioN FocusMe,Sunset,3,5,60.0
Dragon Ranger Gaming,Sunset,6,9,66.67
EDward Gaming,Sunset,10,15,66.67
ENVY,Sunset,2,3,66.67
Eternal Fire,Sunset,0,1,0.0
Evil Geniuses,Sunset,3,6,50.0
FNATIC,Sunset,2,10,20.0
FULL SENSE,Sunset,2,5,40.0
FURIA,Sunset,2,7,28.57
FUT Esports,Sunset,4,7,57.14
Fire Flux Esports,Sunset,1,1,100.0
FunPlus Phoenix,Sunset,5,9,55.56
G2 Esports,Sunset,8,9,88.89
GIANTX,Sunset,6,12,50.0
Gen.G,Sunset,5,10,50.0
Gentle Mates,Sunset,2,6,33.33
Global Esports,Sunset,1,4,25.0
JDG Esports,Sunset,2,6,33.33
KOI,Sunset,0,1,0.0
KRÜ Esports,Sunset,5,8,62.5
Karmine Corp,Sunset,5,8,62.5
KeepBest Gaming,Sunset,1,2,50.0
Kiwoom DRX,Sunset,3,6,50.0
LEVIATÁN,Sunset,7,10,70.0
LOUD,Sunset,5,6,83.33
M80,Sunset,0,1,0.0
MIBR,Sunset,7,13,53.85
NRG,Sunset,1,9,11.11
Natus Vincere,Sunset,2,8,25.0
Nongshim RedForce,Sunset,3,7,42.86
Nova Esports,Sunset,3,5,60.0
ONSIDE GAMING,Sunset,1,2,50.0
PCIFIC Esports,Sunset,0,3,0.0
Paper Rex,Sunset,8,13,61.54
Rex Regum Qeon,Sunset,6,13,46.15
Sentinels,Sunset,8,14,57.14
Sharper Esports,Sunset,0,3,0.0
T1,Sunset,6,9,66.67
TALON,Sunset,0,3,0.0
TYLOO,Sunset,6,6,100.0
Team Heretics,Sunset,5,10,50.0
Team Liquid,Sunset,4,10,40.0
Team Secret,Sunset,3,4,75.0
Team Vitality,Sunset,3,6,50.0
Titan Esports Club,Sunset,1,11,9.09
Trace Esports,Sunset,6,15,40.0
VARREL,Sunset,3,3,100.0
Wolves Esports,Sunset,3,6,50.0
Xi Lai Gaming,Sunset,3,7,42.86
Xipto Esports,Sunset,0,2,0.0
ZETA DIVISION,Sunset,5,7,71.43
