Team A,Team B,Map,Team A Wins,Played,Team A Winrate
100 Thieves,Cloud9,Abyss,1,1,100.0
100 Thieves,NRG,Abyss,0,1,0.0
2Game Esports,KRÜ Esports,Abyss,0,1,0.0
All Gamers,Nova Esports,Abyss,0,1,0.0
All Gamers,Xi Lai Gaming,Abyss,1,2,50.0
All Gamers,G2 Esports,Abyss,0,1,0.0
All Gamers,Bilibili Gaming,Abyss,1,1,100.0
All Gamers,Dragon Ranger Gaming,Abyss,1,1,100.0
Apeks,Team Liquid,Abyss,0,1,0.0
BBL Esports,FNATIC,Abyss,1,1,100.0
BBL Esports,NRG,Abyss,1,1,100.0
BBL Esports,FURIA,Abyss,1,1,100.0
BBL Esports,PCIFIC Esports,Abyss,0,1,0.0
BBL Esports,Team Vitality,Abyss,1,1,100.0
BBL Esports,Gentle Mates,Abyss,1,1,100.0
BBL Esports,Fire Flux Esports,Abyss,0,1,0.0
Bilibili Gaming,Rex Regum Qeon,Abyss,0,1,0.0
Bilibili Gaming,Xi Lai Gaming,Abyss,2,2,100.0
Bilibili Gaming,Trace Esports,Abyss,1,1,100.0
Bilibili Gaming,EDward Gaming,Abyss,1,2,50.0
Bilibili Gaming,Dragon Ranger Gaming,Abyss,1,1,100.0
Cloud9,G2 Esports,Abyss,0,1,0.0
Cloud9,MIBR,Abyss,0,1,0.0
Cloud9,LOUD,Abyss,1,1,100.0
DRX,KRÜ Esports,Abyss,1,1,100.0
DRX,FNATIC,Abyss,1,1,100.0
DRX,Trace Esports,Abyss,1,1,100.0
DRX,Team Heretics,Abyss,1,1,100.0
DRX,Team Liquid,Abyss,2,2,100.0
DRX,G2 Esports,Abyss,1,1,100.0
DRX,Team Vitality,Abyss,1,1,100.0
DRX,Gen.G,Abyss,1,1,100.0
DRX,T1,Abyss,1,1,100.0
DetonatioN FocusMe,Rex Regum Qeon,Abyss,1,1,100.0
DetonatioN FocusMe,Global Esports,Abyss,1,1,100.0
DetonatioN FocusMe,Paper Rex,Abyss,1,1,100.0
DetonatioN FocusMe,Gen.G,Abyss,1,2,50.0
Dragon Ranger Gaming,G2 Esports,Abyss,0,1,0.0
Dragon Ranger Gaming,JDG Esports,Abyss,1,2,50.0
Dragon Ranger Gaming,Trace Esports,Abyss,0,1,0.0
Dragon Ranger Gaming,FunPlus Phoenix,Abyss,1,1,100.0
EDward Gaming,LEVIATÁN,Abyss,1,1,100.0
EDward Gaming,Team Heretics,Abyss,1,1,100.0
EDward Gaming,NRG,Abyss,0,1,0.0
EDward Gaming,Team Liquid,Abyss,0,1,0.0
EDward Gaming,Trace Esports,Abyss,1,1,100.0
EDward Gaming,TYLOO,Abyss,1,1,100.0
EDward Gaming,JDG Esports,Abyss,1,1,100.0
ENVY,Evil Geniuses,Abyss,0,1,0.0
ENVY,MIBR,Abyss,0,1,0.0
ENVY,KRÜ Esports,Abyss,0,1,0.0
Enterprise Esports,Team Vitality,Abyss,1,1,100.0
Enterprise Esports,Karmine Corp,Abyss,1,1,100.0
Enterprise Esports,Team Liquid,Abyss,0,1,0.0
Evil Geniuses,FURIA,Abyss,1,1,100.0
Evil Geniuses,MIBR,Abyss,0,1,0.0
Evil Geniuses,Sentinels,Abyss,0,1,0.0
Evil Geniuses,LOUD,Abyss,1,1,100.0
FNATIC,Team Heretics,Abyss,0,1,0.0
FNATIC,Rex Regum Qeon,Abyss,1,1,100.0
FNATIC,MIBR,Abyss,1,1,100.0
FNATIC,NRG,Abyss,1,2,50.0
FNATIC,Gentle Mates,Abyss,2,2,100.0
FNATIC,FUT Esports,Abyss,1,2,50.0
FNATIC,Team Vitality,Abyss,1,1,100.0
FNATIC,Team Liquid,Abyss,0,1,0.0
FULL SENSE,Kiwoom DRX,Abyss,0,1,0.0
FURIA,KRÜ Esports,Abyss,1,1,100.0
FURIA,G2 Esports,Abyss,1,1,100.0
FURIA,MIBR,Abyss,1,1,100.0
FUT Esports,Team Liquid,Abyss,0,1,0.0
FUT Esports,Gentle Mates,Abyss,0,1,0.0
Fire Flux Esports,Team Vitality,Abyss,0,1,0.0
FunPlus Phoenix,Team Heretics,Abyss,0,1,0.0
FunPlus Phoenix,Titan Esports Club,Abyss,0,1,0.0
G2 Esports,LEVIATÁN,Abyss,0,1,0.0
G2 Esports,Trace Esports,Abyss,1,1,100.0
G2 Esports,T1,Abyss,1,1,100.0
G2 Esports,Sentinels,Abyss,1,2,50.0
G2 Esports,Xi Lai Gaming,Abyss,1,1,100.0
G2 Esports,Nongshim RedForce,Abyss,1,1,100.0
GIANTX,PCIFIC Esports,Abyss,1,1,100.0
GIANTX,Team Heretics,Abyss,1,1,100.0
GIANTX,Team Vitality,Abyss,0,1,0.0
Gen.G,Team Heretics,Abyss,1,1,100.0
Gen.G,Global Esports,Abyss,0,1,0.0
Gentle Mates,Team Heretics,Abyss,1,1,100.0
Gentle Mates,Natus Vincere,Abyss,1,1,100.0
Global Esports,Team Secret,Abyss,0,1,0.0
Global Esports,TALON,Abyss,0,1,0.0
Global Esports,VARREL,Abyss,1,1,100.0
Global Esports,ZETA DIVISION,Abyss,1,1,100.0
Global Esports,Kiwoom DRX,Abyss,1,1,100.0
JDG Esports,Titan Esports Club,Abyss,2,2,100.0
KOI,Team Liquid,Abyss,0,1,0.0
KRÜ Esports,NRG,Abyss,1,1,100.0
KRÜ Esports,MIBR,Abyss,0,1,0.0
Karmine Corp,Natus Vincere,Abyss,0,1,0.0
Karmine Corp,Team Vitality,Abyss,0,1,0.0
Karmine Corp,Team Liquid,Abyss,1,1,100.0
Karmine Corp,Team Heretics,Abyss,1,1,100.0
LEVIATÁN,Team Heretics,Abyss,1,1,100.0
LOUD,NRG,Abyss,1,1,100.0
MIBR,Rex Regum Qeon,Abyss,1,1,100.0
MIBR,NRG,Abyss,0,3,0.0
MIBR,Sentinels,Abyss,0,1,0.0
NRG,Xi Lai Gaming,Abyss,1,1,100.0
NRG,Team Liquid,Abyss,1,1,100.0
NRG,Nongshim RedForce,Abyss,0,1,0.0
Nongshim RedForce,Paper Rex,Abyss,2,2,100.0
Nongshim RedForce,Rex Regum Qeon,Abyss,0,1,0.0
Nova Esports,Wolves Esports,Abyss,1,2,50.0
ONSIDE GAMING,Paper Rex,Abyss,0,1,0.0
PCIFIC Esports,ULF Esports,Abyss,0,1,0.0
Precise Defeat,Pure Aim,Abyss,1,1,100.0
Rex Regum Qeon,T1,Abyss,0,1,0.0
Sentinels,Team Heretics,Abyss,0,1,0.0
Sentinels,Xi Lai Gaming,Abyss,1,1,100.0
Sentinels,Team Liquid,Abyss,0,1,0.0
TYLOO,Titan Esports Club,Abyss,0,1,0.0
TYLOO,Trace Esports,Abyss,1,1,100.0
Team Heretics,Team Vitality,Abyss,0,1,0.0
Team Heretics,Team Liquid,Abyss,0,2,0.0
Team Secret,ZETA DIVISION,Abyss,0,1,0.0
Trace Esports,Wolves Esports,Abyss,1,2,50.0
Wolves Esports,Xi Lai Gaming,Abyss,0,1,0.0
100 Thieves,Liberty,Ascent,1,1,100.0
100 Thieves,Gambit Esports,Ascent,0,1,0.0
100 Thieves,Acend,Ascent,0,1,0.0
100 Thieves,ENVY,Ascent,0,1,0.0
100 Thieves,FNATIC,Ascent,0,1,0.0
100 Thieves,2Game Esports,Ascent,1,1,100.0
100 Thieves,Rex Regum Qeon,Ascent,1,1,100.0
100 Thieves,NRG,Ascent,1,1,100.0
100 Thieves,KRÜ Esports,Ascent,1,1,100.0
100 Thieves,Sentinels,Ascent,1,1,100.0
2Game Esports,Evil Geniuses,Ascent,0,1,0.0
2Game Esports,G2 Esports,Ascent,0,1,0.0
2Game Esports,FURIA,Ascent,2,2,100.0
2Game Esports,KRÜ Esports,Ascent,1,1,100.0
A Team,Wolves Esports,Ascent,0,1,0.0
Acend,ENVY,Ascent,1,1,100.0
Acend,Gambit Esports,Ascent,1,1,100.0
Acend,Papara SuperMassive,Ascent,1,2,50.0
All Gamers,Xi Lai Gaming,Ascent,0,2,0.0
All Gamers,Wolves Esports,Ascent,1,1,100.0
All Gamers,Team Heretics,Ascent,1,1,100.0
All Gamers,MIBR,Ascent,0,1,0.0
All Gamers,Titan Esports Club,Ascent,0,1,0.0
Apeks,Team Liquid,Ascent,0,1,0.0
Apeks,KOI,Ascent,0,1,0.0
Apeks,Team Heretics,Ascent,1,1,100.0
Apeks,Team Vitality,Ascent,0,1,0.0
Apeks,GIANTX,Ascent,0,1,0.0
BBL Esports,FUT Esports,Ascent,3,4,75.0
BBL Esports,FNATIC,Ascent,1,1,100.0
BBL Esports,Team Heretics,Ascent,1,3,33.33
BBL Esports,Team Liquid,Ascent,0,2,0.0
BBL Esports,GIANTX,Ascent,0,1,0.0
BBL Esports,EDward Gaming,Ascent,1,1,100.0
BBL Esports,Natus Vincere,Ascent,1,1,100.0
BBL Esports,Gentle Mates,Ascent,1,1,100.0
BBL Esports,PCIFIC Esports,Ascent,1,1,100.0
BESTIA,G2 Esports,Ascent,0,1,0.0
BOOM Esports,T1,Ascent,0,1,0.0
BOOM Esports,ZETA DIVISION,Ascent,0,1,0.0
BOOM Esports,Gen.G,Ascent,1,2,50.0
BOOM Esports,Paper Rex,Ascent,0,1,0.0
BOOM Esports,DRX,Ascent,1,1,100.0
BOOM Esports,DetonatioN FocusMe,Ascent,1,1,100.0
Bilibili Gaming,NRG,Ascent,1,1,100.0
Bilibili Gaming,JDG Esports,Ascent,0,1,0.0
Bilibili Gaming,Titan Esports Club,Ascent,1,1,100.0
Bilibili Gaming,Trace Esports,Ascent,1,2,50.0
Bilibili Gaming,EDward Gaming,Ascent,1,1,100.0
Bilibili Gaming,Wolves Esports,Ascent,1,2,50.0
Bilibili Gaming,Xi Lai Gaming,Ascent,1,1,100.0
Bilibili Gaming,Nova Esports,Ascent,0,1,0.0
Cat Gang,Lavie,Ascent,0,1,0.0
Cloud9,Vision Strikers,Ascent,1,1,100.0
Cloud9,Team Liquid,Ascent,0,1,0.0
Cloud9,G2 Esports,Ascent,0,1,0.0
Cloud9,LEVIATÁN,Ascent,1,1,100.0
Cloud9,Sentinels,Ascent,0,1,0.0
Crazy Raccoon,Gambit Esports,Ascent,0,1,0.0
Crazy Raccoon,Version1,Ascent,0,1,0.0
DRX,FURIA,Ascent,1,1,100.0
DRX,FunPlus Phoenix,Ascent,1,2,50.0
DRX,FNATIC,Ascent,2,2,100.0
DRX,OpTic Gaming,Ascent,2,2,100.0
DRX,NORTHEPTION,Ascent,1,1,100.0
DRX,LEVIATÁN,Ascent,0,1,0.0
DRX,Paper Rex,Ascent,2,2,100.0
DRX,ZETA DIVISION,Ascent,1,1,100.0
DRX,LOUD,Ascent,1,1,100.0
DRX,MIBR,Ascent,1,1,100.0
DRX,Rex Regum Qeon,Ascent,1,1,100.0
DRX,DetonatioN FocusMe,Ascent,1,1,100.0
DRX,Global Esports,Ascent,1,1,100.0
DRX,Gen.G,Ascent,1,1,100.0
DetonatioN FocusMe,Nongshim RedForce,Ascent,0,1,0.0
DetonatioN FocusMe,Paper Rex,Ascent,1,2,50.0
DetonatioN FocusMe,Rex Regum Qeon,Ascent,1,1,100.0
DetonatioN FocusMe,VARREL,Ascent,0,1,0.0
DetonatioN FocusMe,T1,Ascent,1,2,50.0
DetonatioN FocusMe,Sharper Esports,Ascent,0,1,0.0
DetonatioN FocusMe,QT DIG∞,Ascent,1,1,100.0
DetonatioN FocusMe,ZETA DIVISION,Ascent,1,1,100.0
Dominus Esports,The Mad Men,Ascent,0,1,0.0
Dragon Ranger Gaming,Nova Esports,Ascent,1,1,100.0
Dragon Ranger Gaming,FunPlus Phoenix,Ascent,2,2,100.0
Dragon Ranger Gaming,Wolves Esports,Ascent,0,1,0.0
Dragon Ranger Gaming,Xi Lai Gaming,Ascent,1,1,100.0
Dragon Ranger Gaming,EDward Gaming,Ascent,1,2,50.0
Dragon Ranger Gaming,Titan Esports Club,Ascent,0,1,0.0
Dragon Ranger Gaming,Trace Esports,Ascent,1,2,50.0
Dragon Ranger Gaming,JDG Esports,Ascent,1,1,100.0
EDward Gaming,Giants Gaming,Ascent,1,1,100.0
EDward Gaming,Evil Geniuses,Ascent,0,1,0.0
EDward Gaming,LOUD,Ascent,0,1,0.0
EDward Gaming,TYLOO,Ascent,2,2,100.0
EDward Gaming,Trace Esports,Ascent,2,2,100.0
EDward Gaming,Nova Esports,Ascent,0,1,0.0
EDward Gaming,Rex Regum Qeon,Ascent,1,1,100.0
EDward Gaming,FunPlus Phoenix,Ascent,1,1,100.0
EDward Gaming,Titan Esports Club,Ascent,0,1,0.0
EDward Gaming,Wolves Esports,Ascent,0,1,0.0
ENVY,X10 Esports,Ascent,1,1,100.0
ENVY,KRÜ Esports,Ascent,1,1,100.0
ENVY,Evil Geniuses,Ascent,0,1,0.0
ENVY,FURIA,Ascent,1,1,100.0
ENVY,M80,Ascent,1,1,100.0
ENVY,Sentinels,Ascent,1,1,100.0
ENVY,MIBR,Ascent,0,1,0.0
ENVY,G2 Esports,Ascent,1,1,100.0
Eintracht Frankfurt,GIANTX,Ascent,1,1,100.0
Eintracht Frankfurt,Team Liquid,Ascent,0,1,0.0
Eternal Fire,FUT Esports,Ascent,0,2,0.0
Eternal Fire,Gentle Mates,Ascent,1,1,100.0
Eternal Fire,Team Heretics,Ascent,0,1,0.0
Eternal Fire,GIANTX,Ascent,0,1,0.0
Eternal Fire,Joblife,Ascent,1,1,100.0
Evil Geniuses,FunPlus Phoenix,Ascent,1,1,100.0
Evil Geniuses,Paper Rex,Ascent,1,2,50.0
Evil Geniuses,LOUD,Ascent,1,1,100.0
Evil Geniuses,G2 Esports,Ascent,0,1,0.0
Evil Geniuses,FURIA,Ascent,1,1,100.0
Evil Geniuses,MIBR,Ascent,0,1,0.0
F4Q,G2 Esports,Ascent,0,2,0.0
FNATIC,Version1,Ascent,1,1,100.0
FNATIC,Team Liquid,Ascent,1,2,50.0
FNATIC,NUTURN,Ascent,0,1,0.0
FNATIC,Paper Rex,Ascent,0,1,0.0
FNATIC,LEVIATÁN,Ascent,0,1,0.0
FNATIC,Ninjas In Pyjamas,Ascent,0,1,0.0
FNATIC,LOUD,Ascent,1,2,50.0
FNATIC,Rex Regum Qeon,Ascent,2,2,100.0
FNATIC,NRG,Ascent,1,2,50.0
FNATIC,KOI,Ascent,1,1,100.0
FNATIC,Natus Vincere,Ascent,0,1,0.0
FNATIC,Sentinels,Ascent,1,1,100.0
FNATIC,Wolves Esports,Ascent,1,1,100.0
FNATIC,GIANTX,Ascent,1,2,50.0
FNATIC,Team Heretics,Ascent,0,2,0.0
FNATIC,Karmine Corp,Ascent,0,1,0.0
FULL SENSE,Nongshim RedForce,Ascent,1,1,100.0
FULL SENSE,Global Esports,Ascent,0,1,0.0
FULL SENSE,Rex Regum Qeon,Ascent,1,1,100.0
FURIA,Sentinels,Ascent,0,1,0.0
FURIA,KRÜ Esports,Ascent,0,1,0.0
FURIA,G2 Esports,Ascent,0,2,0.0
FURIA,LEVIATÁN,Ascent,0,1,0.0
FURIA,MIBR,Ascent,1,1,100.0
FUT Esports,Paper Rex,Ascent,0,1,0.0
FUT Esports,Karmine Corp,Ascent,1,1,100.0
FUT Esports,Team Vitality,Ascent,1,1,100.0
FUT Esports,Team Heretics,Ascent,0,1,0.0
FUT Esports,Natus Vincere,Ascent,0,1,0.0
FUT Esports,PCIFIC Esports,Ascent,1,1,100.0
FUT Esports,Team Liquid,Ascent,0,1,0.0
Fire Flux Esports,Team Heretics,Ascent,1,1,100.0
Fire Flux Esports,Team Vitality,Ascent,1,1,100.0
Fluxo W7M,KRÜ Esports,Ascent,0,1,0.0
FunPlus Phoenix,KRÜ Esports,Ascent,1,1,100.0
FunPlus Phoenix,LEVIATÁN,Ascent,1,1,100.0
FunPlus Phoenix,XSET,Ascent,1,1,100.0
FunPlus Phoenix,XERXIA Esports,Ascent,0,1,0.0
FunPlus Phoenix,NORTHEPTION,Ascent,1,1,100.0
FunPlus Phoenix,Guild Esports,Ascent,1,1,100.0
FunPlus Phoenix,Nova Esports,Ascent,1,1,100.0
FunPlus Phoenix,JDG Esports,Ascent,1,1,100.0
FunPlus Phoenix,TYLOO,Ascent,1,1,100.0
G2 Esports,LOUD,Ascent,0,1,0.0
G2 Esports,Paper Rex,Ascent,0,1,0.0
G2 Esports,Sentinels,Ascent,2,3,66.67
G2 Esports,NRG,Ascent,3,3,100.0
G2 Esports,MIBR,Ascent,2,2,100.0
G2 Esports,LEVIATÁN,Ascent,0,2,0.0
GIANTX,Paper Rex,Ascent,1,1,100.0
GIANTX,Xi Lai Gaming,Ascent,1,1,100.0
GIANTX,Team Heretics,Ascent,0,3,0.0
GIANTX,Gentle Mates,Ascent,1,1,100.0
GIANTX,Natus Vincere,Ascent,1,1,100.0
GIANTX,Team Liquid,Ascent,0,1,0.0
GIANTX,Karmine Corp,Ascent,0,1,0.0
Gambit Esports,X10 Esports,Ascent,0,1,0.0
Gambit Esports,KRÜ Esports,Ascent,0,1,0.0
Gen.G,Sentinels,Ascent,1,1,100.0
Gen.G,Rex Regum Qeon,Ascent,1,2,50.0
Gen.G,Team Secret,Ascent,1,1,100.0
Gen.G,Nongshim RedForce,Ascent,0,2,0.0
Gen.G,Paper Rex,Ascent,1,1,100.0
Gen.G,ZETA DIVISION,Ascent,1,1,100.0
Gentle Mates,Team Heretics,Ascent,1,1,100.0
Gentle Mates,Team Vitality,Ascent,0,2,0.0
Gentle Mates,Team Liquid,Ascent,1,1,100.0
Gentle Mates,Nongshim RedForce,Ascent,1,1,100.0
Gentle Mates,NRG,Ascent,0,1,0.0
Gentle Mates,PCIFIC Esports,Ascent,1,1,100.0
Global Esports,Paper Rex,Ascent,0,1,0.0
Global Esports,Nongshim RedForce,Ascent,1,1,100.0
Global Esports,Kiwoom DRX,Ascent,0,1,0.0
Guild Esports,Paper Rex,Ascent,0,1,0.0
JD Gaming,TYLOO,Ascent,1,1,100.0
JDG Esports,TYLOO,Ascent,0,1,0.0
JDG Esports,Trace Esports,Ascent,1,1,100.0
Joblife,Natus Vincere,Ascent,1,1,100.0
Joblife,PCIFIC Esports,Ascent,0,1,0.0
KOI,Natus Vincere,Ascent,0,1,0.0
KRÜ Esports,Team Liquid,Ascent,0,3,0.0
KRÜ Esports,ZETA DIVISION,Ascent,1,1,100.0
KRÜ Esports,XERXIA Esports,Ascent,1,1,100.0
KRÜ Esports,OpTic Gaming,Ascent,0,1,0.0
KRÜ Esports,MIBR,Ascent,1,1,100.0
KRÜ Esports,LOUD,Ascent,1,1,100.0
KRÜ Esports,LEVIATÁN,Ascent,0,1,0.0
KRÜ Esports,Sentinels,Ascent,1,1,100.0
Kantic 2.0,The Mad Men,Ascent,1,1,100.0
Karmine Corp,Natus Vincere,Ascent,0,1,0.0
KeepBest Gaming,Titan Esports Club,Ascent,0,1,0.0
Kiwoom DRX,Paper Rex,Ascent,0,1,0.0
Kiwoom DRX,Sharper Esports,Ascent,0,1,0.0
LEVIATÁN,Team Liquid,Ascent,1,1,100.0
LEVIATÁN,XSET,Ascent,1,1,100.0
LEVIATÁN,TALON,Ascent,1,1,100.0
LEVIATÁN,Trace Esports,Ascent,0,1,0.0
LEVIATÁN,LOUD,Ascent,0,1,0.0
LEVIATÁN,NRG,Ascent,0,1,0.0
LEVIATÁN,MIBR,Ascent,1,1,100.0
LOUD,ZETA DIVISION,Ascent,2,2,100.0
LOUD,OpTic Gaming,Ascent,4,5,80.0
LOUD,Team Liquid,Ascent,1,1,100.0
LOUD,Natus Vincere,Ascent,1,1,100.0
LOUD,NRG,Ascent,0,1,0.0
MIBR,Team Heretics,Ascent,0,1,0.0
MadHood,Penguins and Frogs,Ascent,1,1,100.0
Made In Vietnam,Peeky Blinders,Ascent,1,1,100.0
NRG,Team Vitality,Ascent,0,1,0.0
NUTURN,Sharks Esports,Ascent,1,1,100.0
NUTURN,Version1,Ascent,1,1,100.0
Natus Vincere,Team Liquid,Ascent,0,1,0.0
Natus Vincere,PCIFIC Esports,Ascent,1,1,100.0
Nongshim RedForce,Team Secret,Ascent,1,1,100.0
Nongshim RedForce,T1,Ascent,1,2,50.0
Nongshim RedForce,Rex Regum Qeon,Ascent,0,1,0.0
Nongshim RedForce,TALON,Ascent,0,1,0.0
Nongshim RedForce,Team Vitality,Ascent,0,1,0.0
Nova Esports,Xi Lai Gaming,Ascent,0,1,0.0
Nova Esports,Trace Esports,Ascent,1,1,100.0
ONSIDE GAMING,Team Secret,Ascent,1,1,100.0
ONSIDE GAMING,Sharper Esports,Ascent,0,1,0.0
ONSIDE GAMING,Paper Rex,Ascent,0,1,0.0
OpTic Gaming,Team Liquid,Ascent,1,1,100.0
OpTic Gaming,XSET,Ascent,0,1,0.0
OpTic Gaming,XERXIA Esports,Ascent,0,1,0.0
Paper Rex,Team Liquid,Ascent,0,1,0.0
Paper Rex,Team Heretics,Ascent,1,1,100.0
Paper Rex,Rex Regum Qeon,Ascent,1,2,50.0
Paper Rex,Wolves Esports,Ascent,1,1,100.0
Paper Rex,T1,Ascent,2,3,66.67
Paper Rex,Team Secret,Ascent,1,1,100.0
Peeky Blinders,VICTORY,Ascent,0,1,0.0
Rex Regum Qeon,Team Secret,Ascent,0,2,0.0
Rex Regum Qeon,T1,Ascent,1,1,100.0
Rex Regum Qeon,Wolves Esports,Ascent,0,1,0.0
Rex Regum Qeon,TALON,Ascent,1,1,100.0
T1,Team Secret,Ascent,1,1,100.0
Team Heretics,Team Vitality,Ascent,1,1,100.0
Team Heretics,Team Liquid,Ascent,1,2,50.0
Team International,Team Thailand,Ascent,0,1,0.0
Team Liquid,Version1,Ascent,0,1,0.0
Team Liquid,Team Vikings,Ascent,1,1,100.0
Team Liquid,XERXIA Esports,Ascent,1,1,100.0
Team Liquid,Team Vitality,Ascent,1,1,100.0
Team Vikings,X10 Esports,Ascent,1,1,100.0
Team Vitality,Trace Esports,Ascent,0,1,0.0
Titan Esports Club,Xi Lai Gaming,Ascent,0,1,0.0
100 Thieves,FNATIC,Bind,0,2,0.0
100 Thieves,NRG,Bind,1,2,50.0
100 Thieves,KRÜ Esports,Bind,2,2,100.0
100 Thieves,MIBR,Bind,1,2,50.0
100 Thieves,LOUD,Bind,2,2,100.0
100 Thieves,Evil Geniuses,Bind,2,2,100.0
100 Thieves,Sentinels,Bind,0,1,0.0
100 Thieves,LEVIATÁN,Bind,1,1,100.0
100 Thieves,G2 Esports,Bind,0,1,0.0
2Game Esports,Cloud9,Bind,0,1,0.0
Acend,Keyd Stars,Bind,1,1,100.0
Acend,ENVY,Bind,1,1,100.0
Acend,Team Liquid,Bind,1,1,100.0
Acend,Papara SuperMassive,Bind,2,2,100.0
All Gamers,Wolves Esports,Bind,1,1,100.0
All Gamers,FunPlus Phoenix,Bind,1,1,100.0
All Gamers,Nova Esports,Bind,0,1,0.0
All Gamers,Xi Lai Gaming,Bind,0,3,0.0
All Gamers,Titan Esports Club,Bind,0,1,0.0
All Gamers,TYLOO,Bind,0,1,0.0
All Gamers,Bilibili Gaming,Bind,1,1,100.0
All Gamers,Gentle Mates,Bind,1,1,100.0
All Gamers,Dragon Ranger Gaming,Bind,1,1,100.0
Apeks,FNATIC,Bind,0,1,0.0
BBL Esports,Team Vitality,Bind,1,1,100.0
BBL Esports,Team Liquid,Bind,0,2,0.0
BBL Esports,GIANTX,Bind,0,1,0.0
BOOM Esports,OpTic Gaming,Bind,0,1,0.0
BOOM Esports,TALON,Bind,0,1,0.0
BOOM Esports,Paper Rex,Bind,0,1,0.0
BOOM Esports,T1,Bind,1,1,100.0
BOOM Esports,Nongshim RedForce,Bind,1,1,100.0
Bilibili Gaming,NRG,Bind,1,1,100.0
Bilibili Gaming,EDward Gaming,Bind,0,2,0.0
Bilibili Gaming,FNATIC,Bind,0,1,0.0
Bilibili Gaming,TYLOO,Bind,2,3,66.67
Bilibili Gaming,Titan Esports Club,Bind,1,1,100.0
Bilibili Gaming,FunPlus Phoenix,Bind,2,2,100.0
Bilibili Gaming,Trace Esports,Bind,0,1,0.0
Bilibili Gaming,Xi Lai Gaming,Bind,0,1,0.0
Cat Gang,Dominus Esports,Bind,1,1,100.0
Cat Gang,Kantic 2.0,Bind,0,1,0.0
Cloud9,Team Liquid,Bind,0,1,0.0
Cloud9,FURIA,Bind,1,1,100.0
Cloud9,G2 Esports,Bind,0,1,0.0
Cloud9,LEVIATÁN,Bind,1,1,100.0
Crazy Raccoon,Gambit Esports,Bind,0,1,0.0
DRX,OpTic Gaming,Bind,0,2,0.0
DRX,NORTHEPTION,Bind,1,1,100.0
DRX,Paper Rex,Bind,1,1,100.0
DRX,Natus Vincere,Bind,1,1,100.0
DRX,FNATIC,Bind,1,2,50.0
DRX,KRÜ Esports,Bind,1,1,100.0
DRX,Team Liquid,Bind,1,1,100.0
DRX,G2 Esports,Bind,1,1,100.0
DRX,MIBR,Bind,1,1,100.0
DRX,Nongshim RedForce,Bind,0,1,0.0
DRX,Rex Regum Qeon,Bind,1,1,100.0
DRX,TALON,Bind,1,1,100.0
DRX,Team Vitality,Bind,0,1,0.0
DRX,Gen.G,Bind,1,1,100.0
DRX,T1,Bind,0,1,0.0
DetonatioN FocusMe,FULL SENSE,Bind,0,1,0.0
DetonatioN FocusMe,ZETA DIVISION,Bind,0,1,0.0
DetonatioN FocusMe,Team Secret,Bind,1,1,100.0
Dominus Esports,The Mad Men,Bind,0,1,0.0
Dragon Ranger Gaming,Xi Lai Gaming,Bind,0,2,0.0
Dragon Ranger Gaming,JDG Esports,Bind,1,1,100.0
Dragon Ranger Gaming,Nova Esports,Bind,1,1,100.0
Dragon Ranger Gaming,Trace Esports,Bind,1,1,100.0
EDward Gaming,Team Liquid,Bind,0,2,0.0
EDward Gaming,Giants Gaming,Bind,1,1,100.0
EDward Gaming,LOUD,Bind,1,1,100.0
EDward Gaming,FUT Esports,Bind,1,1,100.0
EDward Gaming,G2 Esports,Bind,1,2,50.0
EDward Gaming,Trace Esports,Bind,3,4,75.0
EDward Gaming,Team Heretics,Bind,0,1,0.0
EDward Gaming,T1,Bind,0,3,0.0
EDward Gaming,Xi Lai Gaming,Bind,1,1,100.0
EDward Gaming,JDG Esports,Bind,1,1,100.0
EDward Gaming,TYLOO,Bind,1,2,50.0
ENVY,Keyd Stars,Bind,1,1,100.0
ENVY,Gambit Esports,Bind,0,1,0.0
ENVY,LEVIATÁN,Bind,0,1,0.0
ENVY,MIBR,Bind,1,1,100.0
ENVY,Evil Geniuses,Bind,1,1,100.0
Eternal Fire,FNATIC,Bind,1,1,100.0
Eternal Fire,Team Vitality,Bind,1,1,100.0
Evil Geniuses,FUT Esports,Bind,1,1,100.0
Evil Geniuses,Paper Rex,Bind,1,2,50.0
Evil Geniuses,LOUD,Bind,1,1,100.0
Evil Geniuses,Sentinels,Bind,0,1,0.0
Evil Geniuses,KRÜ Esports,Bind,0,1,0.0
F4Q,G2 Esports,Bind,1,2,50.0
FNATIC,Team Liquid,Bind,2,4,50.0
FNATIC,NUTURN,Bind,1,1,100.0
FNATIC,Sentinels,Bind,1,2,50.0
FNATIC,Paper Rex,Bind,0,2,0.0
FNATIC,LEVIATÁN,Bind,1,1,100.0
FNATIC,FunPlus Phoenix,Bind,0,1,0.0
FNATIC,G2 Esports,Bind,1,1,100.0
FNATIC,MIBR,Bind,0,1,0.0
FNATIC,Karmine Corp,Bind,2,2,100.0
FNATIC,Natus Vincere,Bind,2,2,100.0
FNATIC,GIANTX,Bind,1,1,100.0
FNATIC,Team Vitality,Bind,1,1,100.0
FNATIC,Gentle Mates,Bind,0,1,0.0
FULL SENSE,T1,Bind,1,1,100.0
FULL SENSE,Nongshim RedForce,Bind,0,1,0.0
FURIA,G2 Esports,Bind,0,1,0.0
FURIA,MIBR,Bind,0,1,0.0
FUT Esports,T1,Bind,1,1,100.0
FUT Esports,Paper Rex,Bind,0,1,0.0
FUT Esports,Gentle Mates,Bind,1,2,50.0
FUT Esports,GIANTX,Bind,1,1,100.0
FUT Esports,Team Heretics,Bind,0,1,0.0
FUT Esports,Team Vitality,Bind,0,1,0.0
FUT Esports,Team Liquid,Bind,1,1,100.0
FUT Esports,Natus Vincere,Bind,1,1,100.0
FUT Esports,Karmine Corp,Bind,1,1,100.0
FunPlus Phoenix,KRÜ Esports,Bind,1,1,100.0
FunPlus Phoenix,XSET,Bind,1,1,100.0
FunPlus Phoenix,XERXIA Esports,Bind,1,1,100.0
FunPlus Phoenix,Guild Esports,Bind,1,1,100.0
FunPlus Phoenix,OpTic Gaming,Bind,0,1,0.0
FunPlus Phoenix,Paper Rex,Bind,1,1,100.0
FunPlus Phoenix,T1,Bind,0,1,0.0
FunPlus Phoenix,Team Heretics,Bind,1,1,100.0
FunPlus Phoenix,Sentinels,Bind,0,1,0.0
FunPlus Phoenix,Nova Esports,Bind,1,1,100.0
FunPlus Phoenix,TYLOO,Bind,0,1,0.0
FunPlus Phoenix,JDG Esports,Bind,0,1,0.0
G2 Esports,ZETA DIVISION,Bind,1,1,100.0
G2 Esports,Paper Rex,Bind,0,1,0.0
G2 Esports,NRG,Bind,2,2,100.0
G2 Esports,Sentinels,Bind,1,1,100.0
G2 Esports,Team Vitality,Bind,1,1,100.0
G2 Esports,LEVIATÁN,Bind,0,1,0.0
GIANTX,Xi Lai Gaming,Bind,1,1,100.0
GIANTX,Team Heretics,Bind,0,1,0.0
GIANTX,Team Vitality,Bind,1,1,100.0
GIANTX,Natus Vincere,Bind,0,1,0.0
GIANTX,Team Liquid,Bind,0,2,0.0
GIANTX,Karmine Corp,Bind,0,1,0.0
GIANTX,Gentle Mates,Bind,0,1,0.0
GIANTX,PCIFIC Esports,Bind,0,1,0.0
Gambit Esports,Team Secret,Bind,1,1,100.0
Gambit Esports,Team Vikings,Bind,0,1,0.0
Gambit Esports,KRÜ Esports,Bind,1,1,100.0
Gambit Esports,Vision Strikers,Bind,1,1,100.0
Gen.G,Team Heretics,Bind,0,1,0.0
Gen.G,TALON,Bind,1,1,100.0
Gen.G,T1,Bind,0,2,0.0
Gen.G,Global Esports,Bind,0,1,0.0
Gentle Mates,Team Heretics,Bind,0,1,0.0
Gentle Mates,Team Liquid,Bind,1,1,100.0
Gentle Mates,Natus Vincere,Bind,1,1,100.0
Global Esports,Team Secret,Bind,0,1,0.0
Global Esports,Nongshim RedForce,Bind,0,2,0.0
Global Esports,Paper Rex,Bind,0,1,0.0
Guild Esports,KRÜ Esports,Bind,0,1,0.0
JDG Esports,Xi Lai Gaming,Bind,0,1,0.0
JDG Esports,TYLOO,Bind,1,1,100.0
JDG Esports,Titan Esports Club,Bind,0,1,0.0
KOI,Team Liquid,Bind,0,2,0.0
KRÜ Esports,ZETA DIVISION,Bind,1,1,100.0
KRÜ Esports,Sharks Esports,Bind,1,1,100.0
KRÜ Esports,OpTic Gaming,Bind,0,1,0.0
KRÜ Esports,LOUD,Bind,1,2,50.0
KRÜ Esports,LEVIATÁN,Bind,1,2,50.0
KRÜ Esports,NRG,Bind,1,1,100.0
KRÜ Esports,MIBR,Bind,1,1,100.0
Kantic 2.0,The Mad Men,Bind,1,1,100.0
Karmine Corp,Team Liquid,Bind,1,1,100.0
Karmine Corp,Natus Vincere,Bind,1,1,100.0
Karmine Corp,Team Vitality,Bind,1,1,100.0
Kiwoom DRX,VARREL,Bind,1,1,100.0
Kiwoom DRX,T1,Bind,0,1,0.0
Kiwoom DRX,ZETA DIVISION,Bind,0,1,0.0
LEVIATÁN,Paper Rex,Bind,1,1,100.0
LEVIATÁN,TALON,Bind,1,1,100.0
LEVIATÁN,Trace Esports,Bind,0,1,0.0
LEVIATÁN,LOUD,Bind,2,2,100.0
LEVIATÁN,Sentinels,Bind,1,1,100.0
LOUD,ZETA DIVISION,Bind,1,1,100.0
LOUD,OpTic Gaming,Bind,1,3,33.33
LOUD,Natus Vincere,Bind,1,1,100.0
Lavie,Penguins and Frogs,Bind,0,1,0.0
MIBR,NRG,Bind,1,2,50.0
Made In Vietnam,Peeky Blinders,Bind,1,1,100.0
NORTHEPTION,XERXIA Esports,Bind,1,1,100.0
NRG,ZETA DIVISION,Bind,1,1,100.0
NRG,Paper Rex,Bind,1,1,100.0
NRG,Nongshim RedForce,Bind,0,1,0.0
NUTURN,Sharks Esports,Bind,1,1,100.0
NUTURN,Sentinels,Bind,0,1,0.0
Natus Vincere,Team Liquid,Bind,1,2,50.0
Natus Vincere,Team Vitality,Bind,1,1,100.0
Natus Vincere,Team Heretics,Bind,2,2,100.0
Nongshim RedForce,TALON,Bind,0,1,0.0
Nongshim RedForce,Rex Regum Qeon,Bind,1,1,100.0
Nova Esports,Wolves Esports,Bind,1,1,100.0
Nova Esports,Xi Lai Gaming,Bind,0,1,0.0
OpTic Gaming,Team Liquid,Bind,1,1,100.0
OpTic Gaming,XSET,Bind,1,1,100.0
OpTic Gaming,Paper Rex,Bind,1,1,100.0
OpTic Gaming,ZETA DIVISION,Bind,1,1,100.0
Paper Rex,Xi Lai Gaming,Bind,1,1,100.0
Paper Rex,Team Heretics,Bind,0,1,0.0
Paper Rex,TALON,Bind,2,2,100.0
Paper Rex,T1,Bind,1,3,33.33
Paper Rex,Rex Regum Qeon,Bind,1,2,50.0
Rex Regum Qeon,T1,Bind,0,2,0.0
Rex Regum Qeon,TALON,Bind,0,1,0.0
Rex Regum Qeon,VARREL,Bind,1,1,100.0
Sentinels,Team Liquid,Bind,1,2,50.0
T1,Team Vitality,Bind,0,1,0.0
T1,TALON,Bind,0,1,0.0
TALON,ZETA DIVISION,Bind,1,1,100.0
TYLOO,Trace Esports,Bind,1,1,100.0
Team Heretics,Team Liquid,Bind,0,2,0.0
Team Heretics,ULF Esports,Bind,1,1,100.0
Team Liquid,Team Vitality,Bind,1,2,50.0
Team Secret,ZETA DIVISION,Bind,1,1,100.0
Team Vitality,Trace Esports,Bind,0,1,0.0
Titan Esports Club,Wolves Esports,Bind,0,1,0.0
Trace Esports,Wolves Esports,Bind,2,3,66.67
Trace Esports,Xi Lai Gaming,Bind,0,1,0.0
VARREL,ZETA DIVISION,Bind,1,1,100.0
Wolves Esports,Xi Lai Gaming,Bind,0,1,0.0
100 Thieves,Acend,Breeze,1,1,100.0
100 Thieves,DRX,Breeze,0,1,0.0
100 Thieves,Evil Geniuses,Breeze,1,1,100.0
100 Thieves,NRG,Breeze,1,3,33.33
100 Thieves,FURIA,Breeze,1,1,100.0
100 Thieves,LOUD,Breeze,1,2,50.0
100 Thieves,MIBR,Breeze,1,2,50.0
100 Thieves,G2 Esports,Breeze,1,1,100.0
100 Thieves,Rex Regum Qeon,Breeze,1,1,100.0
100 Thieves,Sentinels,Breeze,1,1,100.0
100 Thieves,Cloud9,Breeze,0,1,0.0
Acend,Keyd Stars,Breeze,1,1,100.0
Acend,Team Secret,Breeze,1,1,100.0
Acend,Gambit Esports,Breeze,0,1,0.0
All Gamers,Titan Esports Club,Breeze,1,1,100.0
All Gamers,TYLOO,Breeze,0,1,0.0
BBL Esports,PCIFIC Esports,Breeze,2,2,100.0
BBL Esports,Team Vitality,Breeze,1,1,100.0
BBL Esports,Team Heretics,Breeze,0,2,0.0
BBL Esports,FURIA,Breeze,0,1,0.0
BBL Esports,G2 Esports,Breeze,0,1,0.0
BBL Esports,FNATIC,Breeze,1,1,100.0
BBL Esports,EDward Gaming,Breeze,1,1,100.0
BBL Esports,NRG,Breeze,0,1,0.0
BBL Esports,Nongshim RedForce,Breeze,0,1,0.0
BESTIA,KRÜ Esports,Breeze,1,1,100.0
BESTIA,Cloud9,Breeze,1,1,100.0
BESTIA,G2 Esports,Breeze,0,1,0.0
BOOM Esports,OpTic Gaming,Breeze,1,1,100.0
Bilibili Gaming,TYLOO,Breeze,0,1,0.0
Bilibili Gaming,Titan Esports Club,Breeze,0,1,0.0
Bilibili Gaming,Trace Esports,Breeze,1,1,100.0
Bilibili Gaming,EDward Gaming,Breeze,1,1,100.0
Bilibili Gaming,Xi Lai Gaming,Breeze,1,1,100.0
Bilibili Gaming,Nova Esports,Breeze,0,1,0.0
Cat Gang,Lavie,Breeze,0,1,0.0
Cat Gang,Dominus Esports,Breeze,1,1,100.0
Cat Gang,Kantic 2.0,Breeze,0,1,0.0
Cloud9,FULL SENSE,Breeze,1,1,100.0
Cloud9,Vision Strikers,Breeze,1,1,100.0
Cloud9,MIBR,Breeze,1,1,100.0
Cloud9,LOUD,Breeze,0,1,0.0
Cloud9,NRG,Breeze,0,1,0.0
Cloud9,ENVY,Breeze,0,1,0.0
Cloud9,LEVIATÁN,Breeze,1,1,100.0
Cloud9,G2 Esports,Breeze,0,1,0.0
Cloud9,KRÜ Esports,Breeze,1,1,100.0
Cloud9,Fluxo W7M,Breeze,1,1,100.0
Cloud9,Evil Geniuses,Breeze,1,1,100.0
DRX,FunPlus Phoenix,Breeze,2,2,100.0
DRX,LOUD,Breeze,0,1,0.0
DRX,OpTic Gaming,Breeze,0,2,0.0
DRX,LEVIATÁN,Breeze,1,1,100.0
DRX,Ninjas In Pyjamas,Breeze,1,1,100.0
DetonatioN FocusMe,Rex Regum Qeon,Breeze,0,1,0.0
DetonatioN FocusMe,Global Esports,Breeze,0,1,0.0
DetonatioN FocusMe,Team Secret,Breeze,1,1,100.0
DetonatioN FocusMe,Sharper Esports,Breeze,0,1,0.0
DetonatioN FocusMe,QT DIG∞,Breeze,1,1,100.0
Dragon Ranger Gaming,Nova Esports,Breeze,1,1,100.0
Dragon Ranger Gaming,Wolves Esports,Breeze,1,1,100.0
Dragon Ranger Gaming,EDward Gaming,Breeze,0,2,0.0
Dragon Ranger Gaming,Trace Esports,Breeze,1,1,100.0
Dragon Ranger Gaming,TYLOO,Breeze,0,1,0.0
Dragon Ranger Gaming,Xi Lai Gaming,Breeze,0,1,0.0
Dragon Ranger Gaming,JDG Esports,Breeze,1,2,50.0
Dragon Ranger Gaming,Titan Esports Club,Breeze,1,1,100.0
EDward Gaming,Team Liquid,Breeze,0,1,0.0
EDward Gaming,Nova Esports,Breeze,1,1,100.0
EDward Gaming,Xi Lai Gaming,Breeze,2,2,100.0
EDward Gaming,TYLOO,Breeze,1,1,100.0
EDward Gaming,Trace Esports,Breeze,1,1,100.0
EDward Gaming,JDG Esports,Breeze,1,1,100.0
EDward Gaming,Rex Regum Qeon,Breeze,1,1,100.0
EDward Gaming,FunPlus Phoenix,Breeze,0,1,0.0
EDward Gaming,JD Gaming,Breeze,0,1,0.0
ENVY,X10 Esports,Breeze,1,1,100.0
ENVY,LOUD,Breeze,0,1,0.0
ENVY,KRÜ Esports,Breeze,1,1,100.0
ENVY,Evil Geniuses,Breeze,0,1,0.0
ENVY,NRG,Breeze,0,1,0.0
Eternal Fire,FNATIC,Breeze,0,1,0.0
Eternal Fire,GIANTX,Breeze,1,1,100.0
Evil Geniuses,FURIA,Breeze,1,2,50.0
Evil Geniuses,NRG,Breeze,0,1,0.0
F4Q,Sentinels,Breeze,0,2,0.0
FNATIC,FURIA,Breeze,1,1,100.0
FNATIC,Team Vitality,Breeze,1,2,50.0
FNATIC,GIANTX,Breeze,1,1,100.0
FNATIC,Natus Vincere,Breeze,0,1,0.0
FNATIC,Joblife,Breeze,0,1,0.0
FULL SENSE,Vision Strikers,Breeze,0,1,0.0
FULL SENSE,T1,Breeze,0,2,0.0
FULL SENSE,Global Esports,Breeze,1,1,100.0
FULL SENSE,Kiwoom DRX,Breeze,0,1,0.0
FURIA,Sentinels,Breeze,2,3,66.67
FURIA,LEVIATÁN,Breeze,1,1,100.0
FURIA,Paper Rex,Breeze,0,1,0.0
FURIA,KRÜ Esports,Breeze,1,1,100.0
FURIA,MIBR,Breeze,0,2,0.0
FURIA,NRG,Breeze,0,1,0.0
FURIA,G2 Esports,Breeze,1,1,100.0
FUT Esports,Team Liquid,Breeze,1,1,100.0
FUT Esports,Team Heretics,Breeze,0,1,0.0
FunPlus Phoenix,XSET,Breeze,0,1,0.0
FunPlus Phoenix,Guild Esports,Breeze,0,1,0.0
FunPlus Phoenix,Paper Rex,Breeze,1,1,100.0
FunPlus Phoenix,JDG Esports,Breeze,1,1,100.0
FunPlus Phoenix,KeepBest Gaming,Breeze,1,1,100.0
G2 Esports,Gambit Esports,Breeze,0,1,0.0
G2 Esports,LOUD,Breeze,0,1,0.0
G2 Esports,LEVIATÁN,Breeze,1,1,100.0
G2 Esports,KRÜ Esports,Breeze,2,2,100.0
G2 Esports,NRG,Breeze,0,1,0.0
G2 Esports,T1,Breeze,1,1,100.0
G2 Esports,Paper Rex,Breeze,0,1,0.0
G2 Esports,MIBR,Breeze,1,1,100.0
G2 Esports,Nongshim RedForce,Breeze,0,1,0.0
G2 Esports,Xi Lai Gaming,Breeze,1,1,100.0
G2 Esports,Sentinels,Breeze,0,1,0.0
G2 Esports,M80,Breeze,1,1,100.0
GIANTX,Team Vitality,Breeze,0,1,0.0
GIANTX,Team Liquid,Breeze,0,2,0.0
Gambit Esports,Team Secret,Breeze,1,1,100.0
Gambit Esports,X10 Esports,Breeze,1,1,100.0
Gambit Esports,KRÜ Esports,Breeze,1,1,100.0
Gen.G,Nongshim RedForce,Breeze,0,1,0.0
Gen.G,Team Secret,Breeze,0,1,0.0
Gen.G,T1,Breeze,1,1,100.0
Gen.G,VARREL,Breeze,1,1,100.0
Gen.G,Global Esports,Breeze,1,2,50.0
Gentle Mates,Xi Lai Gaming,Breeze,0,1,0.0
Global Esports,Nongshim RedForce,Breeze,1,2,50.0
Global Esports,Rex Regum Qeon,Breeze,1,1,100.0
Global Esports,Paper Rex,Breeze,2,3,66.67
Global Esports,ZETA DIVISION,Breeze,1,1,100.0
JD Gaming,TYLOO,Breeze,1,1,100.0
JDG Esports,Nova Esports,Breeze,0,1,0.0
Joblife,Natus Vincere,Breeze,1,1,100.0
KRÜ Esports,Sentinels,Breeze,2,2,100.0
KRÜ Esports,NRG,Breeze,0,1,0.0
KRÜ Esports,LOUD,Breeze,0,1,0.0
KRÜ Esports,MIBR,Breeze,0,1,0.0
Karmine Corp,Natus Vincere,Breeze,0,1,0.0
Karmine Corp,Team Liquid,Breeze,0,1,0.0
Karmine Corp,NRG,Breeze,0,1,0.0
Keyd Stars,ZETA DIVISION,Breeze,1,1,100.0
Kiwoom DRX,Paper Rex,Breeze,1,4,25.0
Kiwoom DRX,T1,Breeze,0,1,0.0
LEVIATÁN,MIBR,Breeze,0,1,0.0
LEVIATÁN,LOUD,Breeze,0,1,0.0
LOUD,OpTic Gaming,Breeze,2,3,66.67
LOUD,Sentinels,Breeze,0,1,0.0
Lavie,Penguins and Frogs,Breeze,0,1,0.0
MIBR,NRG,Breeze,1,2,50.0
Made In Vietnam,Team Deadshot,Breeze,0,1,0.0
NRG,Sentinels,Breeze,0,1,0.0
NRG,Team Liquid,Breeze,1,1,100.0
NRG,Paper Rex,Breeze,1,2,50.0
NRG,Team Vitality,Breeze,0,1,0.0
Natus Vincere,Team Heretics,Breeze,0,1,0.0
Natus Vincere,Team Vitality,Breeze,0,1,0.0
Nongshim RedForce,Team Secret,Breeze,2,2,100.0
Nongshim RedForce,Rex Regum Qeon,Breeze,1,2,50.0
Nongshim RedForce,Team Vitality,Breeze,1,1,100.0
Nongshim RedForce,ZETA DIVISION,Breeze,1,1,100.0
Nova Esports,Trace Esports,Breeze,1,1,100.0
Nova Esports,Xi Lai Gaming,Breeze,1,1,100.0
ONSIDE GAMING,Sharper Esports,Breeze,1,1,100.0
OpTic Gaming,Team Liquid,Breeze,0,1,0.0
Papara SuperMassive,Paper Rex,Breeze,1,1,100.0
Paper Rex,Team Secret,Breeze,1,1,100.0
Paper Rex,T1,Breeze,1,3,33.33
Paper Rex,Rex Regum Qeon,Breeze,1,1,100.0
Rex Regum Qeon,T1,Breeze,0,2,0.0
Rex Regum Qeon,ZETA DIVISION,Breeze,0,1,0.0
Rex Regum Qeon,Sharper Esports,Breeze,0,1,0.0
Sentinels,Team Liquid,Breeze,0,1,0.0
T1,Team Liquid,Breeze,0,1,0.0
TYLOO,Titan Esports Club,Breeze,1,1,100.0
TYLOO,Trace Esports,Breeze,1,1,100.0
TYLOO,Xi Lai Gaming,Breeze,0,1,0.0
Team Deadshot,VICTORY,Breeze,1,1,100.0
Team Heretics,Team Vitality,Breeze,0,1,0.0
Team Heretics,Team Liquid,Breeze,0,1,0.0
Team Liquid,Team Vitality,Breeze,1,2,50.0
Team Liquid,ULF Esports,Breeze,1,1,100.0
Team Vitality,ULF Esports,Breeze,1,1,100.0
Titan Esports Club,Trace Esports,Breeze,0,2,0.0
Titan Esports Club,Xi Lai Gaming,Breeze,1,2,50.0
Titan Esports Club,Wolves Esports,Breeze,1,1,100.0
Trace Esports,Xi Lai Gaming,Breeze,1,1,100.0
VARREL,ZETA DIVISION,Breeze,0,1,0.0
Wolves Esports,Xi Lai Gaming,Breeze,0,1,0.0
100 Thieves,KRÜ Esports,Corrode,1,1,100.0
100 Thieves,Evil Geniuses,Corrode,1,1,100.0
100 Thieves,G2 Esports,Corrode,1,1,100.0
100 Thieves,Sentinels,Corrode,1,1,100.0
100 Thieves,NRG,Corrode,0,1,0.0
2Game Esports,FURIA,Corrode,0,1,0.0
All Gamers,Wolves Esports,Corrode,1,1,100.0
All Gamers,Dragon Ranger Gaming,Corrode,0,2,0.0
All Gamers,Nova Esports,Corrode,1,1,100.0
All Gamers,Paper Rex,Corrode,1,1,100.0
Apeks,Natus Vincere,Corrode,0,1,0.0
Apeks,Team Liquid,Corrode,1,1,100.0
BBL Esports,GIANTX,Corrode,0,1,0.0
BBL Esports,FNATIC,Corrode,0,1,0.0
BBL Esports,Gentle Mates,Corrode,1,1,100.0
BOOM Esports,T1,Corrode,0,1,0.0
BOOM Esports,DetonatioN FocusMe,Corrode,0,1,0.0
BOOM Esports,ZETA DIVISION,Corrode,0,1,0.0
Bilibili Gaming,MIBR,Corrode,0,1,0.0
Bilibili Gaming,Dragon Ranger Gaming,Corrode,1,1,100.0
Cloud9,LEVIATÁN,Corrode,1,1,100.0
Cloud9,Sentinels,Corrode,0,1,0.0
Cloud9,NRG,Corrode,0,1,0.0
Cloud9,G2 Esports,Corrode,0,1,0.0
DRX,NRG,Corrode,0,1,0.0
DRX,Team Liquid,Corrode,1,1,100.0
DRX,FNATIC,Corrode,0,1,0.0
DRX,Gen.G,Corrode,0,1,0.0
DRX,Team Secret,Corrode,1,1,100.0
DRX,Rex Regum Qeon,Corrode,0,1,0.0
DetonatioN FocusMe,TALON,Corrode,0,1,0.0
DetonatioN FocusMe,Rex Regum Qeon,Corrode,0,1,0.0
Dragon Ranger Gaming,EDward Gaming,Corrode,1,2,50.0
Dragon Ranger Gaming,JDG Esports,Corrode,1,1,100.0
Dragon Ranger Gaming,TYLOO,Corrode,0,1,0.0
EDward Gaming,NRG,Corrode,0,1,0.0
EDward Gaming,Titan Esports Club,Corrode,1,1,100.0
EDward Gaming,TYLOO,Corrode,2,2,100.0
EDward Gaming,JDG Esports,Corrode,2,2,100.0
EDward Gaming,Xi Lai Gaming,Corrode,1,1,100.0
ENVY,Evil Geniuses,Corrode,1,2,50.0
ENVY,MIBR,Corrode,0,1,0.0
Evil Geniuses,G2 Esports,Corrode,1,1,100.0
Evil Geniuses,Sentinels,Corrode,0,1,0.0
Evil Geniuses,FURIA,Corrode,1,1,100.0
FNATIC,NRG,Corrode,0,1,0.0
FNATIC,Karmine Corp,Corrode,1,1,100.0
FNATIC,FUT Esports,Corrode,0,1,0.0
FNATIC,Team Liquid,Corrode,1,2,50.0
FNATIC,Gentle Mates,Corrode,1,1,100.0
FULL SENSE,ZETA DIVISION,Corrode,1,1,100.0
FULL SENSE,Kiwoom DRX,Corrode,0,1,0.0
FURIA,G2 Esports,Corrode,0,1,0.0
FunPlus Phoenix,Wolves Esports,Corrode,1,1,100.0
G2 Esports,Team Heretics,Corrode,0,1,0.0
G2 Esports,T1,Corrode,1,1,100.0
G2 Esports,Paper Rex,Corrode,1,3,33.33
G2 Esports,Sentinels,Corrode,0,1,0.0
G2 Esports,NRG,Corrode,0,1,0.0
G2 Esports,Nongshim RedForce,Corrode,0,1,0.0
G2 Esports,MIBR,Corrode,1,1,100.0
GIANTX,Sentinels,Corrode,0,1,0.0
GIANTX,Gentle Mates,Corrode,0,1,0.0
GIANTX,Team Liquid,Corrode,1,1,100.0
Gen.G,Global Esports,Corrode,1,1,100.0
Gen.G,Rex Regum Qeon,Corrode,0,1,0.0
Gentle Mates,Team Heretics,Corrode,0,1,0.0
Gentle Mates,Team Vitality,Corrode,0,1,0.0
Gentle Mates,Nongshim RedForce,Corrode,0,1,0.0
Global Esports,Rex Regum Qeon,Corrode,1,1,100.0
Global Esports,Team Secret,Corrode,1,1,100.0
Global Esports,Nongshim RedForce,Corrode,0,1,0.0
Global Esports,Paper Rex,Corrode,0,1,0.0
Glory Once Again,Team World,Corrode,0,1,0.0
JDG Esports,TYLOO,Corrode,0,1,0.0
JDG Esports,Titan Esports Club,Corrode,1,1,100.0
JDG Esports,Trace Esports,Corrode,0,1,0.0
KOI,Natus Vincere,Corrode,1,1,100.0
KRÜ Esports,MIBR,Corrode,0,1,0.0
Karmine Corp,Natus Vincere,Corrode,0,1,0.0
Karmine Corp,Team Heretics,Corrode,0,1,0.0
Kiwoom DRX,VARREL,Corrode,0,1,0.0
Kiwoom DRX,Paper Rex,Corrode,1,1,100.0
LEVIATÁN,Sentinels,Corrode,1,1,100.0
LOUD,NRG,Corrode,0,1,0.0
MIBR,Rex Regum Qeon,Corrode,1,1,100.0
MIBR,Team Heretics,Corrode,1,1,100.0
MIBR,NRG,Corrode,1,2,50.0
NRG,Sentinels,Corrode,1,1,100.0
NRG,Paper Rex,Corrode,0,1,0.0
Natus Vincere,Team Liquid,Corrode,0,1,0.0
Nongshim RedForce,Rex Regum Qeon,Corrode,1,2,50.0
Nongshim RedForce,TALON,Corrode,0,1,0.0
Nongshim RedForce,Paper Rex,Corrode,1,1,100.0
Nongshim RedForce,T1,Corrode,1,1,100.0
Nova Esports,Wolves Esports,Corrode,1,1,100.0
Nova Esports,TYLOO,Corrode,0,1,0.0
Paper Rex,Rex Regum Qeon,Corrode,0,1,0.0
Rex Regum Qeon,TALON,Corrode,1,1,100.0
T1,ZETA DIVISION,Corrode,1,1,100.0
T1,TALON,Corrode,0,1,0.0
TYLOO,Trace Esports,Corrode,1,1,100.0
TYLOO,Titan Esports Club,Corrode,0,1,0.0
Team Alpha,Team Omega,Corrode,1,1,100.0
Team EMEA,Team France,Corrode,1,1,100.0
Team Liquid,Team Vitality,Corrode,0,2,0.0
Team Vitality,ULF Esports,Corrode,1,1,100.0
100 Thieves,DRX,Fracture,0,1,0.0
100 Thieves,Evil Geniuses,Fracture,1,1,100.0
100 Thieves,KRÜ Esports,Fracture,0,1,0.0
100 Thieves,NRG,Fracture,1,2,50.0
100 Thieves,MIBR,Fracture,2,2,100.0
Acend,Gambit Esports,Fracture,0,1,0.0
All Gamers,Xi Lai Gaming,Fracture,0,1,0.0
All Gamers,Bilibili Gaming,Fracture,0,1,0.0
All Gamers,Wolves Esports,Fracture,1,1,100.0
All Gamers,EDward Gaming,Fracture,0,1,0.0
All Gamers,TYLOO,Fracture,1,1,100.0
BBL Esports,Karmine Corp,Fracture,1,1,100.0
BBL Esports,Team Liquid,Fracture,0,2,0.0
BBL Esports,Natus Vincere,Fracture,1,1,100.0
BBL Esports,FNATIC,Fracture,0,2,0.0
BOOM Esports,OpTic Gaming,Fracture,0,1,0.0
BOOM Esports,ZETA DIVISION,Fracture,0,1,0.0
BOOM Esports,Paper Rex,Fracture,1,2,50.0
BOOM Esports,DetonatioN FocusMe,Fracture,1,1,100.0
BOOM Esports,T1,Fracture,0,1,0.0
Bilibili Gaming,Xi Lai Gaming,Fracture,1,2,50.0
Bilibili Gaming,JDG Esports,Fracture,2,2,100.0
Bilibili Gaming,Trace Esports,Fracture,1,1,100.0
Bilibili Gaming,EDward Gaming,Fracture,0,1,0.0
Bilibili Gaming,Titan Esports Club,Fracture,0,1,0.0
Bilibili Gaming,FunPlus Phoenix,Fracture,0,1,0.0
Cloud9,FNATIC,Fracture,0,1,0.0
Cloud9,NRG,Fracture,2,2,100.0
Cloud9,Evil Geniuses,Fracture,0,1,0.0
DRX,FNATIC,Fracture,1,1,100.0
DRX,OpTic Gaming,Fracture,2,2,100.0
DRX,FunPlus Phoenix,Fracture,1,2,50.0
DRX,Evil Geniuses,Fracture,0,1,0.0
DRX,T1,Fracture,3,4,75.0
DRX,Rex Regum Qeon,Fracture,1,1,100.0
DRX,TALON,Fracture,1,1,100.0
DRX,Nongshim RedForce,Fracture,1,1,100.0
DetonatioN FocusMe,Gen.G,Fracture,0,1,0.0
DetonatioN FocusMe,VARREL,Fracture,1,1,100.0
DetonatioN FocusMe,Rex Regum Qeon,Fracture,0,1,0.0
Dragon Ranger Gaming,Nova Esports,Fracture,1,1,100.0
Dragon Ranger Gaming,Titan Esports Club,Fracture,1,2,50.0
Dragon Ranger Gaming,TYLOO,Fracture,0,1,0.0
EDward Gaming,Paper Rex,Fracture,0,1,0.0
EDward Gaming,Giants Gaming,Fracture,1,1,100.0
EDward Gaming,TYLOO,Fracture,1,1,100.0
EDward Gaming,Nova Esports,Fracture,2,3,66.67
EDward Gaming,FunPlus Phoenix,Fracture,1,1,100.0
EDward Gaming,G2 Esports,Fracture,1,1,100.0
EDward Gaming,T1,Fracture,1,1,100.0
EDward Gaming,Trace Esports,Fracture,1,1,100.0
EDward Gaming,Wolves Esports,Fracture,1,1,100.0
EDward Gaming,JDG Esports,Fracture,0,1,0.0
EDward Gaming,Xi Lai Gaming,Fracture,0,1,0.0
ENVY,LEVIATÁN,Fracture,0,1,0.0
Eternal Fire,PCIFIC Esports,Fracture,1,1,100.0
Eternal Fire,Team Heretics,Fracture,0,2,0.0
Evil Geniuses,FURIA,Fracture,1,1,100.0
Evil Geniuses,NRG,Fracture,0,1,0.0
FNATIC,Vision Strikers,Fracture,1,1,100.0
FNATIC,XSET,Fracture,0,1,0.0
FNATIC,LEVIATÁN,Fracture,1,1,100.0
FNATIC,FunPlus Phoenix,Fracture,0,1,0.0
FNATIC,ZETA DIVISION,Fracture,1,2,50.0
FNATIC,Natus Vincere,Fracture,1,2,50.0
FNATIC,Team Liquid,Fracture,1,1,100.0
FNATIC,Team Heretics,Fracture,3,3,100.0
FNATIC,Gentle Mates,Fracture,1,1,100.0
FNATIC,FUT Esports,Fracture,0,1,0.0
FULL SENSE,ZETA DIVISION,Fracture,1,1,100.0
FULL SENSE,Rex Regum Qeon,Fracture,0,1,0.0
FULL SENSE,Kiwoom DRX,Fracture,1,1,100.0
FULL SENSE,Paper Rex,Fracture,0,1,0.0
FURIA,KRÜ Esports,Fracture,1,1,100.0
FURIA,NRG,Fracture,0,1,0.0
FUT Esports,Gentle Mates,Fracture,1,1,100.0
FUT Esports,Team Vitality,Fracture,1,1,100.0
FUT Esports,Team Liquid,Fracture,1,1,100.0
FUT Esports,Natus Vincere,Fracture,0,1,0.0
FunPlus Phoenix,XSET,Fracture,1,1,100.0
FunPlus Phoenix,NORTHEPTION,Fracture,1,1,100.0
FunPlus Phoenix,OpTic Gaming,Fracture,1,1,100.0
FunPlus Phoenix,Paper Rex,Fracture,1,1,100.0
FunPlus Phoenix,Titan Esports Club,Fracture,1,2,50.0
G2 Esports,LEVIATÁN,Fracture,2,3,66.67
G2 Esports,Sentinels,Fracture,1,1,100.0
GIANTX,Natus Vincere,Fracture,1,1,100.0
GIANTX,Karmine Corp,Fracture,1,1,100.0
GIANTX,Team Liquid,Fracture,0,1,0.0
Gambit Esports,X10 Esports,Fracture,1,1,100.0
Gen.G,Paper Rex,Fracture,0,2,0.0
Gen.G,Rex Regum Qeon,Fracture,0,1,0.0
Gentle Mates,KOI,Fracture,0,1,0.0
Gentle Mates,Team Heretics,Fracture,0,2,0.0
Gentle Mates,Karmine Corp,Fracture,1,1,100.0
Gentle Mates,Team Liquid,Fracture,1,1,100.0
Global Esports,Kiwoom DRX,Fracture,0,1,0.0
Guild Esports,KRÜ Esports,Fracture,1,1,100.0
Guild Esports,Paper Rex,Fracture,0,1,0.0
JDG Esports,Xi Lai Gaming,Fracture,0,1,0.0
JDG Esports,Titan Esports Club,Fracture,2,2,100.0
JDG Esports,TYLOO,Fracture,0,1,0.0
KOI,Team Liquid,Fracture,1,1,100.0
KRÜ Esports,Sentinels,Fracture,0,1,0.0
KRÜ Esports,LOUD,Fracture,0,2,0.0
KRÜ Esports,Team Liquid,Fracture,0,1,0.0
Karmine Corp,Team Heretics,Fracture,0,1,0.0
Karmine Corp,Paper Rex,Fracture,1,1,100.0
Karmine Corp,NRG,Fracture,1,1,100.0
Kiwoom DRX,Team Secret,Fracture,1,1,100.0
Kiwoom DRX,Nongshim RedForce,Fracture,0,1,0.0
LEVIATÁN,NRG,Fracture,0,1,0.0
LEVIATÁN,MIBR,Fracture,0,1,0.0
LOUD,ZETA DIVISION,Fracture,1,1,100.0
LOUD,OpTic Gaming,Fracture,0,3,0.0
NRG,Sentinels,Fracture,1,1,100.0
NRG,Paper Rex,Fracture,0,1,0.0
Natus Vincere,Team Liquid,Fracture,1,1,100.0
Ninjas In Pyjamas,ZETA DIVISION,Fracture,0,1,0.0
Nongshim RedForce,TALON,Fracture,0,1,0.0
Nongshim RedForce,Rex Regum Qeon,Fracture,0,1,0.0
Nongshim RedForce,Paper Rex,Fracture,1,1,100.0
Nongshim RedForce,Team Secret,Fracture,0,1,0.0
Nova Esports,Titan Esports Club,Fracture,0,1,0.0
Nova Esports,Wolves Esports,Fracture,2,2,100.0
OpTic Gaming,Paper Rex,Fracture,0,1,0.0
OpTic Gaming,XERXIA Esports,Fracture,1,1,100.0
OpTic Gaming,The Guard,Fracture,1,1,100.0
OpTic Gaming,ZETA DIVISION,Fracture,1,1,100.0
Paper Rex,T1,Fracture,1,2,50.0
Paper Rex,Rex Regum Qeon,Fracture,1,1,100.0
Paper Rex,ZETA DIVISION,Fracture,1,1,100.0
Rex Regum Qeon,ZETA DIVISION,Fracture,1,1,100.0
T1,ZETA DIVISION,Fracture,1,1,100.0
T1,Team Vitality,Fracture,0,1,0.0
T1,TALON,Fracture,1,1,100.0
TALON,Team Secret,Fracture,1,1,100.0
TYLOO,Titan Esports Club,Fracture,3,4,75.0
Team Heretics,Team Liquid,Fracture,0,1,0.0
Team Liquid,ZETA DIVISION,Fracture,0,1,0.0
Team Liquid,Team Vitality,Fracture,0,1,0.0
Titan Esports Club,Trace Esports,Fracture,1,1,100.0
Trace Esports,Wolves Esports,Fracture,0,1,0.0
VARREL,ZETA DIVISION,Fracture,0,1,0.0
Wolves Esports,Xi Lai Gaming,Fracture,1,2,50.0
XERXIA Esports,XSET,Fracture,0,1,0.0
100 Thieves,Acend,Haven,1,1,100.0
100 Thieves,ENVY,Haven,0,1,0.0
100 Thieves,FNATIC,Haven,1,1,100.0
100 Thieves,LEVIATÁN,Haven,1,1,100.0
100 Thieves,G2 Esports,Haven,1,3,33.33
100 Thieves,Cloud9,Haven,0,1,0.0
100 Thieves,Sentinels,Haven,1,2,50.0
100 Thieves,Evil Geniuses,Haven,3,3,100.0
100 Thieves,LOUD,Haven,1,2,50.0
100 Thieves,NRG,Haven,1,3,33.33
100 Thieves,KRÜ Esports,Haven,0,1,0.0
100 Thieves,FURIA,Haven,1,1,100.0
100 Thieves,BBL Esports,Haven,1,1,100.0
100 Thieves,MIBR,Haven,1,1,100.0
100 Thieves,Nongshim RedForce,Haven,1,1,100.0
2Game Esports,G2 Esports,Haven,0,1,0.0
2Game Esports,Sentinels,Haven,0,3,0.0
2Game Esports,Evil Geniuses,Haven,0,1,0.0
2Game Esports,FURIA,Haven,0,1,0.0
A Team,Wolves Esports,Haven,1,1,100.0
Acend,Vision Strikers,Haven,0,1,0.0
All Gamers,Nova Esports,Haven,0,1,0.0
All Gamers,FunPlus Phoenix,Haven,0,1,0.0
All Gamers,JDG Esports,Haven,1,1,100.0
All Gamers,TYLOO,Haven,1,2,50.0
All Gamers,Dragon Ranger Gaming,Haven,1,2,50.0
All Gamers,Xi Lai Gaming,Haven,1,2,50.0
All Gamers,Bilibili Gaming,Haven,1,1,100.0
All Gamers,Team Heretics,Haven,0,1,0.0
All Gamers,EDward Gaming,Haven,0,1,0.0
Apeks,KOI,Haven,0,1,0.0
Apeks,Natus Vincere,Haven,0,1,0.0
Apeks,Gentle Mates,Haven,0,1,0.0
Apeks,Team Liquid,Haven,0,1,0.0
BBL Esports,Team Heretics,Haven,0,1,0.0
BBL Esports,FNATIC,Haven,2,3,66.67
BBL Esports,Team Liquid,Haven,1,2,50.0
BBL Esports,Gentle Mates,Haven,1,2,50.0
BBL Esports,FUT Esports,Haven,0,2,0.0
BBL Esports,GIANTX,Haven,0,2,0.0
BBL Esports,Team Vitality,Haven,3,3,100.0
BBL Esports,FURIA,Haven,1,1,100.0
BBL Esports,G2 Esports,Haven,0,1,0.0
BBL Esports,NRG,Haven,1,1,100.0
BBL Esports,Natus Vincere,Haven,0,1,0.0
BOOM Esports,ZETA DIVISION,Haven,1,1,100.0
BOOM Esports,Gen.G,Haven,1,1,100.0
BOOM Esports,Global Esports,Haven,1,1,100.0
BOOM Esports,DRX,Haven,0,1,0.0
Bilibili Gaming,FNATIC,Haven,0,1,0.0
Bilibili Gaming,DRX,Haven,0,1,0.0
Bilibili Gaming,EDward Gaming,Haven,1,5,20.0
Bilibili Gaming,MIBR,Haven,0,1,0.0
Bilibili Gaming,Trace Esports,Haven,2,3,66.67
Bilibili Gaming,Dragon Ranger Gaming,Haven,1,3,33.33
Bilibili Gaming,Team Liquid,Haven,0,1,0.0
Bilibili Gaming,Wolves Esports,Haven,1,2,50.0
Bilibili Gaming,Xi Lai Gaming,Haven,1,3,33.33
Bilibili Gaming,JDG Esports,Haven,1,1,100.0
Bilibili Gaming,Titan Esports Club,Haven,1,1,100.0
Cat Gang,MadHood,Haven,0,1,0.0
Cat Gang,Dominus Esports,Haven,0,1,0.0
Cloud9,FURIA,Haven,1,1,100.0
Cloud9,Evil Geniuses,Haven,1,2,50.0
Cloud9,Sentinels,Haven,1,2,50.0
Cloud9,LEVIATÁN,Haven,0,2,0.0
Cloud9,NRG,Haven,1,1,100.0
Cloud9,MIBR,Haven,0,1,0.0
Cloud9,G2 Esports,Haven,1,1,100.0
Cloud9,ENVY,Haven,0,1,0.0
Cloud9,LOUD,Haven,2,2,100.0
Crazy Raccoon,Team Vikings,Haven,0,1,0.0
Crazy Raccoon,Team Secret,Haven,0,1,0.0
Crazy Raccoon,Liberty,Haven,1,1,100.0
Crazy Raccoon,X10 Esports,Haven,0,1,0.0
DRX,FURIA,Haven,1,1,100.0
DRX,LOUD,Haven,0,1,0.0
DRX,FunPlus Phoenix,Haven,1,2,50.0
DRX,OpTic Gaming,Haven,0,1,0.0
DRX,LEVIATÁN,Haven,1,1,100.0
DRX,ZETA DIVISION,Haven,1,1,100.0
DRX,Paper Rex,Haven,1,2,50.0
DRX,FNATIC,Haven,0,3,0.0
DRX,KRÜ Esports,Haven,0,1,0.0
DRX,Sentinels,Haven,1,2,50.0
DRX,NRG,Haven,1,1,100.0
DRX,Gen.G,Haven,0,1,0.0
DRX,TALON,Haven,0,1,0.0
DRX,T1,Haven,1,1,100.0
DetonatioN FocusMe,ZETA DIVISION,Haven,1,1,100.0
DetonatioN FocusMe,Paper Rex,Haven,0,2,0.0
DetonatioN FocusMe,T1,Haven,0,3,0.0
DetonatioN FocusMe,Rex Regum Qeon,Haven,1,3,33.33
DetonatioN FocusMe,VARREL,Haven,1,2,50.0
DetonatioN FocusMe,FULL SENSE,Haven,1,1,100.0
Dominus Esports,The Mad Men,Haven,1,1,100.0
Dragon Ranger Gaming,FunPlus Phoenix,Haven,2,3,66.67
Dragon Ranger Gaming,Xi Lai Gaming,Haven,1,3,33.33
Dragon Ranger Gaming,TYLOO,Haven,2,3,66.67
Dragon Ranger Gaming,JDG Esports,Haven,1,2,50.0
Dragon Ranger Gaming,EDward Gaming,Haven,0,1,0.0
Dragon Ranger Gaming,Nova Esports,Haven,1,1,100.0
Dragon Ranger Gaming,Titan Esports Club,Haven,0,1,0.0
Dragon Ranger Gaming,Wolves Esports,Haven,1,1,100.0
EDward Gaming,Paper Rex,Haven,0,1,0.0
EDward Gaming,LOUD,Haven,0,1,0.0
EDward Gaming,G2 Esports,Haven,0,1,0.0
EDward Gaming,Sentinels,Haven,0,1,0.0
EDward Gaming,Team Heretics,Haven,0,1,0.0
EDward Gaming,JDG Esports,Haven,3,4,75.0
EDward Gaming,TYLOO,Haven,3,3,100.0
EDward Gaming,Titan Esports Club,Haven,1,1,100.0
EDward Gaming,Xi Lai Gaming,Haven,1,4,25.0
EDward Gaming,T1,Haven,0,2,0.0
EDward Gaming,Trace Esports,Haven,1,1,100.0
EDward Gaming,Gentle Mates,Haven,0,1,0.0
EDward Gaming,Wolves Esports,Haven,1,1,100.0
ENVY,X10 Esports,Haven,0,1,0.0
ENVY,Sentinels,Haven,1,1,100.0
ENVY,Gambit Esports,Haven,0,1,0.0
ENVY,G2 Esports,Haven,0,2,0.0
ENVY,MIBR,Haven,1,2,50.0
ENVY,FURIA,Haven,0,1,0.0
ENVY,NRG,Haven,0,1,0.0
Eintracht Frankfurt,Gentle Mates,Haven,1,1,100.0
Eintracht Frankfurt,Team Heretics,Haven,1,1,100.0
Enterprise Esports,FNATIC,Haven,1,1,100.0
Enterprise Esports,Karmine Corp,Haven,0,1,0.0
Eternal Fire,Team Heretics,Haven,0,1,0.0
Evil Geniuses,G2 Esports,Haven,0,1,0.0
Evil Geniuses,Sentinels,Haven,0,2,0.0
Evil Geniuses,FURIA,Haven,1,2,50.0
Evil Geniuses,KRÜ Esports,Haven,1,1,100.0
Evil Geniuses,LOUD,Haven,1,1,100.0
Evil Geniuses,MIBR,Haven,0,1,0.0
F4Q,G2 Esports,Haven,0,1,0.0
F4Q,Sentinels,Haven,0,1,0.0
FNATIC,Vision Strikers,Haven,0,1,0.0
FNATIC,KRÜ Esports,Haven,2,3,66.67
FNATIC,Sentinels,Haven,0,2,0.0
FNATIC,X10 Esports,Haven,1,1,100.0
FNATIC,NUTURN,Haven,1,1,100.0
FNATIC,FURIA,Haven,1,1,100.0
FNATIC,Team Liquid,Haven,1,1,100.0
FNATIC,FunPlus Phoenix,Haven,1,1,100.0
FNATIC,ZETA DIVISION,Haven,1,1,100.0
FNATIC,FUT Esports,Haven,1,1,100.0
FNATIC,LOUD,Haven,0,1,0.0
FNATIC,G2 Esports,Haven,1,1,100.0
FNATIC,MIBR,Haven,1,1,100.0
FNATIC,Paper Rex,Haven,1,1,100.0
FNATIC,KOI,Haven,1,1,100.0
FNATIC,Karmine Corp,Haven,0,1,0.0
FNATIC,Gen.G,Haven,0,1,0.0
FNATIC,Rex Regum Qeon,Haven,0,1,0.0
FNATIC,Team Vitality,Haven,1,2,50.0
FNATIC,GIANTX,Haven,1,2,50.0
FNATIC,Team Heretics,Haven,0,1,0.0
FNATIC,Natus Vincere,Haven,1,1,100.0
FNATIC,Gentle Mates,Haven,0,1,0.0
FULL SENSE,Vision Strikers,Haven,0,1,0.0
FULL SENSE,VARREL,Haven,1,1,100.0
FULL SENSE,Rex Regum Qeon,Haven,0,1,0.0
FULL SENSE,Nongshim RedForce,Haven,0,1,0.0
FULL SENSE,ZETA DIVISION,Haven,0,1,0.0
FULL SENSE,QT DIG∞,Haven,0,1,0.0
FULL SENSE,ONSIDE GAMING,Haven,0,1,0.0
FURIA,Sentinels,Haven,1,2,50.0
FURIA,KRÜ Esports,Haven,0,2,0.0
FURIA,LEVIATÁN,Haven,0,2,0.0
FURIA,NRG,Haven,0,1,0.0
FURIA,Paper Rex,Haven,1,1,100.0
FURIA,MIBR,Haven,1,2,50.0
FURIA,G2 Esports,Haven,1,1,100.0
FURIA,LOUD,Haven,0,1,0.0
FUT Esports,T1,Haven,1,1,100.0
FUT Esports,Team Vitality,Haven,1,2,50.0
FUT Esports,GIANTX,Haven,1,1,100.0
FUT Esports,Team Heretics,Haven,1,2,50.0
FUT Esports,Team Liquid,Haven,2,3,66.67
FUT Esports,Gentle Mates,Haven,2,2,100.0
FUT Esports,Karmine Corp,Haven,0,3,0.0
Fire Flux Esports,Team Liquid,Haven,0,1,0.0
FunPlus Phoenix,XERXIA Esports,Haven,1,1,100.0
FunPlus Phoenix,Paper Rex,Haven,0,1,0.0
FunPlus Phoenix,Nova Esports,Haven,0,1,0.0
FunPlus Phoenix,Xi Lai Gaming,Haven,0,1,0.0
FunPlus Phoenix,Titan Esports Club,Haven,1,1,100.0
FunPlus Phoenix,TYLOO,Haven,1,2,50.0
FunPlus Phoenix,JDG Esports,Haven,0,1,0.0
G2 Esports,Sentinels,Haven,2,3,66.67
G2 Esports,KRÜ Esports,Haven,1,1,100.0
G2 Esports,Xi Lai Gaming,Haven,2,2,100.0
G2 Esports,Gen.G,Haven,0,1,0.0
G2 Esports,MIBR,Haven,2,3,66.67
G2 Esports,LEVIATÁN,Haven,1,2,50.0
G2 Esports,Team Liquid,Haven,1,1,100.0
G2 Esports,T1,Haven,1,2,50.0
G2 Esports,LOUD,Haven,1,1,100.0
G2 Esports,NRG,Haven,0,1,0.0
G2 Esports,Paper Rex,Haven,1,1,100.0
GIANTX,Sentinels,Haven,1,1,100.0
GIANTX,NRG,Haven,0,1,0.0
GIANTX,Gentle Mates,Haven,1,1,100.0
GIANTX,Team Heretics,Haven,1,4,25.0
GIANTX,Natus Vincere,Haven,2,2,100.0
GIANTX,Team Vitality,Haven,0,1,0.0
GIANTX,PCIFIC Esports,Haven,1,1,100.0
GIANTX,Karmine Corp,Haven,0,1,0.0
Gen.G,Sentinels,Haven,1,1,100.0
Gen.G,Rex Regum Qeon,Haven,3,5,60.0
Gen.G,Global Esports,Haven,2,3,66.67
Gen.G,MIBR,Haven,1,1,100.0
Gen.G,Paper Rex,Haven,2,2,100.0
Gen.G,TALON,Haven,0,1,0.0
Gen.G,T1,Haven,1,2,50.0
Gen.G,Kiwoom DRX,Haven,1,1,100.0
Gen.G,VARREL,Haven,1,1,100.0
Gen.G,Nongshim RedForce,Haven,1,1,100.0
Gentle Mates,Team Liquid,Haven,1,1,100.0
Gentle Mates,Karmine Corp,Haven,0,2,0.0
Gentle Mates,KOI,Haven,1,1,100.0
Gentle Mates,Nongshim RedForce,Haven,1,2,50.0
Gentle Mates,Xi Lai Gaming,Haven,1,1,100.0
Gentle Mates,NRG,Haven,1,1,100.0
Gentle Mates,Natus Vincere,Haven,1,1,100.0
Gentle Mates,Team Vitality,Haven,1,1,100.0
Global Esports,Rex Regum Qeon,Haven,1,1,100.0
Global Esports,Kiwoom DRX,Haven,0,1,0.0
Global Esports,Nongshim RedForce,Haven,1,1,100.0
Global Esports,Paper Rex,Haven,0,1,0.0
Global Esports,ZETA DIVISION,Haven,1,1,100.0
Global Esports,MIBR,Haven,0,1,0.0
JDG Esports,Trace Esports,Haven,0,2,0.0
JDG Esports,Titan Esports Club,Haven,2,4,50.0
JDG Esports,TYLOO,Haven,3,3,100.0
JDG Esports,Wolves Esports,Haven,0,1,0.0
JDG Esports,Xi Lai Gaming,Haven,0,1,0.0
KOI,Karmine Corp,Haven,0,1,0.0
KRÜ Esports,Team Liquid,Haven,0,1,0.0
KRÜ Esports,Sentinels,Haven,2,2,100.0
KRÜ Esports,Keyd Stars,Haven,1,1,100.0
KRÜ Esports,XERXIA Esports,Haven,0,1,0.0
KRÜ Esports,LOUD,Haven,4,5,80.0
KRÜ Esports,OpTic Gaming,Haven,0,1,0.0
KRÜ Esports,MIBR,Haven,1,1,100.0
KRÜ Esports,LEVIATÁN,Haven,0,2,0.0
KRÜ Esports,NRG,Haven,0,3,0.0
Karmine Corp,Team Vitality,Haven,0,2,0.0
Karmine Corp,Team Liquid,Haven,1,2,50.0
Karmine Corp,Team Heretics,Haven,1,2,50.0
Karmine Corp,Natus Vincere,Haven,0,1,0.0
Karmine Corp,NRG,Haven,0,1,0.0
Keyd Stars,X10 Esports,Haven,0,1,0.0
Kiwoom DRX,Nongshim RedForce,Haven,2,2,100.0
Kiwoom DRX,ZETA DIVISION,Haven,2,2,100.0
Kiwoom DRX,Paper Rex,Haven,0,1,0.0
Kiwoom DRX,Team Secret,Haven,0,1,0.0
Kiwoom DRX,VARREL,Haven,0,1,0.0
Kiwoom DRX,Sharper Esports,Haven,1,1,100.0
LEVIATÁN,Team Liquid,Haven,1,1,100.0
LEVIATÁN,Paper Rex,Haven,1,1,100.0
LEVIATÁN,LOUD,Haven,0,2,0.0
LEVIATÁN,XSET,Haven,1,1,100.0
LEVIATÁN,NRG,Haven,1,2,50.0
LEVIATÁN,MIBR,Haven,0,1,0.0
LOUD,OpTic Gaming,Haven,1,1,100.0
LOUD,Team Liquid,Haven,1,2,50.0
LOUD,NRG,Haven,0,1,0.0
LOUD,Sentinels,Haven,0,1,0.0
LOUD,MIBR,Haven,0,1,0.0
Lavie,Penguins and Frogs,Haven,1,1,100.0
MIBR,NRG,Haven,2,3,66.67
NORTHEPTION,XERXIA Esports,Haven,1,1,100.0
NRG,ZETA DIVISION,Haven,1,1,100.0
NRG,Xi Lai Gaming,Haven,1,1,100.0
NRG,Paper Rex,Haven,0,1,0.0
NUTURN,Sharks Esports,Haven,0,1,0.0
NUTURN,Version1,Haven,0,1,0.0
NUTURN,Sentinels,Haven,0,1,0.0
Natus Vincere,Team Vitality,Haven,2,2,100.0
Natus Vincere,Team Heretics,Haven,2,5,40.0
Nongshim RedForce,Rex Regum Qeon,Haven,1,3,33.33
Nongshim RedForce,TALON,Haven,1,2,50.0
Nongshim RedForce,ZETA DIVISION,Haven,2,2,100.0
Nongshim RedForce,Team Secret,Haven,1,1,100.0
Nongshim RedForce,T1,Haven,2,2,100.0
Nova Esports,Xi Lai Gaming,Haven,0,2,0.0
Nova Esports,Wolves Esports,Haven,0,2,0.0
ONSIDE GAMING,Sharper Esports,Haven,1,1,100.0
OpTic Gaming,XSET,Haven,2,2,100.0
OpTic Gaming,Paper Rex,Haven,0,1,0.0
OpTic Gaming,XERXIA Esports,Haven,1,1,100.0
OpTic Gaming,The Guard,Haven,0,1,0.0
OpTic Gaming,ZETA DIVISION,Haven,1,1,100.0
PCIFIC Esports,Team Vitality,Haven,0,2,0.0
Papara SuperMassive,Paper Rex,Haven,0,1,0.0
Paper Rex,Vision Strikers,Haven,0,1,0.0
Paper Rex,Team Liquid,Haven,0,1,0.0
Paper Rex,The Guard,Haven,1,1,100.0
Paper Rex,ZETA DIVISION,Haven,0,1,0.0
Paper Rex,T1,Haven,1,1,100.0
Paper Rex,TALON,Haven,1,1,100.0
Paper Rex,Rex Regum Qeon,Haven,2,2,100.0
Rex Regum Qeon,T1,Haven,2,3,66.67
Rex Regum Qeon,TALON,Haven,0,1,0.0
Rex Regum Qeon,ZETA DIVISION,Haven,2,3,66.67
Rex Regum Qeon,Team Secret,Haven,2,2,100.0
Rex Regum Qeon,Sharper Esports,Haven,0,1,0.0
Sentinels,Team Vikings,Haven,1,1,100.0
Sentinels,Team Heretics,Haven,1,1,100.0
Sentinels,Xi Lai Gaming,Haven,0,1,0.0
T1,ZETA DIVISION,Haven,2,2,100.0
T1,Team Secret,Haven,2,2,100.0
T1,TALON,Haven,1,2,50.0
T1,Trace Esports,Haven,1,1,100.0
T1,Team Vitality,Haven,1,1,100.0
T1,VARREL,Haven,1,2,50.0
TALON,Team Secret,Haven,1,1,100.0
TYLOO,Titan Esports Club,Haven,2,2,100.0
TYLOO,Trace Esports,Haven,1,1,100.0
Team Heretics,Team Vitality,Haven,3,4,75.0
Team Heretics,Team Liquid,Haven,1,1,100.0
Team Heretics,ULF Esports,Haven,1,1,100.0
Team Liquid,Version1,Haven,0,1,0.0
Team Liquid,Team Vikings,Haven,1,1,100.0
Team Liquid,ZETA DIVISION,Haven,1,1,100.0
Team Liquid,Team Vitality,Haven,1,1,100.0
Team Secret,Team Vikings,Haven,1,1,100.0
Team Secret,VARREL,Haven,1,1,100.0
Titan Esports Club,Trace Esports,Haven,1,1,100.0
Titan Esports Club,Wolves Esports,Haven,1,3,33.33
Trace Esports,Wolves Esports,Haven,0,1,0.0
Wolves Esports,Xi Lai Gaming,Haven,0,1,0.0
Xipto Esports,ZETA DIVISION,Haven,0,1,0.0
100 Thieves,Liberty,Icebox,1,1,100.0
100 Thieves,Gambit Esports,Icebox,1,1,100.0
100 Thieves,MIBR,Icebox,0,2,0.0
100 Thieves,Cloud9,Icebox,0,1,0.0
100 Thieves,LOUD,Icebox,1,1,100.0
100 Thieves,2Game Esports,Icebox,1,1,100.0
100 Thieves,KRÜ Esports,Icebox,0,1,0.0
2Game Esports,KRÜ Esports,Icebox,0,1,0.0
Acend,Keyd Stars,Icebox,0,1,0.0
Acend,Team Secret,Icebox,1,1,100.0
Acend,Gambit Esports,Icebox,1,1,100.0
Acend,Vision Strikers,Icebox,0,1,0.0
All Gamers,FunPlus Phoenix,Icebox,2,2,100.0
All Gamers,TYLOO,Icebox,0,1,0.0
All Gamers,Xi Lai Gaming,Icebox,1,1,100.0
Apeks,Natus Vincere,Icebox,0,1,0.0
Apeks,Karmine Corp,Icebox,0,1,0.0
Apeks,Team Heretics,Icebox,0,1,0.0
BBL Esports,Team Heretics,Icebox,2,3,66.67
BBL Esports,GIANTX,Icebox,0,1,0.0
BBL Esports,Team Vitality,Icebox,1,1,100.0
BBL Esports,Karmine Corp,Icebox,0,1,0.0
BBL Esports,KOI,Icebox,1,1,100.0
BBL Esports,FUT Esports,Icebox,1,1,100.0
BOOM Esports,TALON,Icebox,0,1,0.0
BOOM Esports,DRX,Icebox,1,1,100.0
Bilibili Gaming,KRÜ Esports,Icebox,0,1,0.0
Bilibili Gaming,JDG Esports,Icebox,1,2,50.0
Bilibili Gaming,Trace Esports,Icebox,0,1,0.0
Bilibili Gaming,TYLOO,Icebox,0,1,0.0
Bilibili Gaming,Team Liquid,Icebox,1,1,100.0
Bilibili Gaming,Sentinels,Icebox,1,1,100.0
Bilibili Gaming,Xi Lai Gaming,Icebox,1,1,100.0
Bilibili Gaming,EDward Gaming,Icebox,1,1,100.0
Bilibili Gaming,Wolves Esports,Icebox,1,1,100.0
Cat Gang,MadHood,Icebox,0,1,0.0
Cat Gang,Lavie,Icebox,1,1,100.0
Cloud9,FNATIC,Icebox,0,1,0.0
Cloud9,Sentinels,Icebox,1,1,100.0
Cloud9,G2 Esports,Icebox,0,1,0.0
Cloud9,Evil Geniuses,Icebox,0,1,0.0
Crazy Raccoon,Team Vikings,Icebox,0,1,0.0
Crazy Raccoon,Gambit Esports,Icebox,0,2,0.0
Crazy Raccoon,Version1,Icebox,0,1,0.0
Crazy Raccoon,X10 Esports,Icebox,0,1,0.0
DRX,FNATIC,Icebox,0,1,0.0
DRX,FunPlus Phoenix,Icebox,1,1,100.0
DRX,ZETA DIVISION,Icebox,1,2,50.0
DRX,Ninjas In Pyjamas,Icebox,1,1,100.0
DRX,OpTic Gaming,Icebox,0,1,0.0
DRX,Team Heretics,Icebox,0,1,0.0
DRX,Nongshim RedForce,Icebox,1,1,100.0
DRX,Team Secret,Icebox,1,1,100.0
DRX,Global Esports,Icebox,1,1,100.0
DRX,Rex Regum Qeon,Icebox,0,2,0.0
DRX,Paper Rex,Icebox,0,2,0.0
DRX,TALON,Icebox,1,1,100.0
DetonatioN FocusMe,ZETA DIVISION,Icebox,1,1,100.0
DetonatioN FocusMe,TALON,Icebox,1,1,100.0
Dragon Ranger Gaming,Nova Esports,Icebox,0,1,0.0
Dragon Ranger Gaming,Wolves Esports,Icebox,1,1,100.0
Dragon Ranger Gaming,Titan Esports Club,Icebox,0,1,0.0
Dragon Ranger Gaming,EDward Gaming,Icebox,0,1,0.0
EDward Gaming,Paper Rex,Icebox,1,2,50.0
EDward Gaming,G2 Esports,Icebox,1,1,100.0
EDward Gaming,LEVIATÁN,Icebox,0,1,0.0
EDward Gaming,Trace Esports,Icebox,0,1,0.0
EDward Gaming,Titan Esports Club,Icebox,1,1,100.0
ENVY,X10 Esports,Icebox,1,1,100.0
ENVY,Keyd Stars,Icebox,1,1,100.0
ENVY,KRÜ Esports,Icebox,1,1,100.0
Evil Geniuses,KRÜ Esports,Icebox,1,1,100.0
FNATIC,Vision Strikers,Icebox,1,1,100.0
FNATIC,KRÜ Esports,Icebox,2,2,100.0
FNATIC,Sentinels,Icebox,1,2,50.0
FNATIC,X10 Esports,Icebox,1,1,100.0
FNATIC,Version1,Icebox,1,1,100.0
FNATIC,FURIA,Icebox,0,1,0.0
FNATIC,FunPlus Phoenix,Icebox,1,1,100.0
FNATIC,ZETA DIVISION,Icebox,0,1,0.0
FNATIC,Karmine Corp,Icebox,1,1,100.0
FNATIC,Natus Vincere,Icebox,1,1,100.0
FNATIC,Wolves Esports,Icebox,1,1,100.0
FNATIC,Paper Rex,Icebox,1,1,100.0
FNATIC,Team Liquid,Icebox,0,1,0.0
FNATIC,Team Heretics,Icebox,2,2,100.0
FURIA,Sentinels,Icebox,0,1,0.0
FURIA,MIBR,Icebox,0,1,0.0
FUT Esports,Gentle Mates,Icebox,0,1,0.0
FunPlus Phoenix,KRÜ Esports,Icebox,2,2,100.0
FunPlus Phoenix,LEVIATÁN,Icebox,1,1,100.0
FunPlus Phoenix,OpTic Gaming,Icebox,1,1,100.0
FunPlus Phoenix,Paper Rex,Icebox,0,1,0.0
FunPlus Phoenix,Titan Esports Club,Icebox,1,1,100.0
FunPlus Phoenix,TYLOO,Icebox,0,1,0.0
FunPlus Phoenix,Nova Esports,Icebox,0,1,0.0
G2 Esports,Sentinels,Icebox,2,3,66.67
G2 Esports,KRÜ Esports,Icebox,1,1,100.0
G2 Esports,Gambit Esports,Icebox,0,1,0.0
G2 Esports,Paper Rex,Icebox,1,1,100.0
G2 Esports,LEVIATÁN,Icebox,0,1,0.0
G2 Esports,Xi Lai Gaming,Icebox,1,1,100.0
G2 Esports,Gen.G,Icebox,1,1,100.0
GIANTX,Natus Vincere,Icebox,0,1,0.0
Gambit Esports,Team Secret,Icebox,0,1,0.0
Gambit Esports,Team Vikings,Icebox,1,1,100.0
Gambit Esports,Vision Strikers,Icebox,1,1,100.0
Gen.G,Sentinels,Icebox,0,1,0.0
Gen.G,Global Esports,Icebox,0,1,0.0
Gen.G,Paper Rex,Icebox,1,1,100.0
Gen.G,TALON,Icebox,1,1,100.0
Gen.G,Rex Regum Qeon,Icebox,1,2,50.0
Gentle Mates,Team Liquid,Icebox,1,1,100.0
Gentle Mates,KOI,Icebox,0,1,0.0
Guild Esports,OpTic Gaming,Icebox,1,1,100.0
Guild Esports,KRÜ Esports,Icebox,1,1,100.0
JDG Esports,Trace Esports,Icebox,0,1,0.0
JDG Esports,Xi Lai Gaming,Icebox,1,1,100.0
KOI,Team Liquid,Icebox,1,1,100.0
KOI,Natus Vincere,Icebox,0,1,0.0
KOI,Karmine Corp,Icebox,0,1,0.0
KRÜ Esports,Sharks Esports,Icebox,1,1,100.0
KRÜ Esports,XERXIA Esports,Icebox,1,1,100.0
KRÜ Esports,LOUD,Icebox,1,1,100.0
KRÜ Esports,Sentinels,Icebox,1,1,100.0
KRÜ Esports,MIBR,Icebox,0,1,0.0
Karmine Corp,Team Liquid,Icebox,1,1,100.0
Karmine Corp,Natus Vincere,Icebox,1,1,100.0
Keyd Stars,X10 Esports,Icebox,0,1,0.0
LEVIATÁN,LOUD,Icebox,0,2,0.0
LEVIATÁN,Team Vitality,Icebox,1,1,100.0
LEVIATÁN,Team Heretics,Icebox,1,2,50.0
LEVIATÁN,NRG,Icebox,0,3,0.0
LEVIATÁN,MIBR,Icebox,0,1,0.0
LOUD,Team Liquid,Icebox,1,1,100.0
LOUD,OpTic Gaming,Icebox,1,1,100.0
LOUD,MIBR,Icebox,0,1,0.0
MIBR,Team Liquid,Icebox,0,1,0.0
MIBR,NRG,Icebox,1,1,100.0
MadHood,Penguins and Frogs,Icebox,0,1,0.0
Made In Vietnam,Team Deadshot,Icebox,0,1,0.0
NRG,Sentinels,Icebox,1,1,100.0
Natus Vincere,Team Heretics,Icebox,1,1,100.0
Natus Vincere,Team Vitality,Icebox,1,1,100.0
Natus Vincere,Team Liquid,Icebox,1,1,100.0
Ninjas In Pyjamas,ZETA DIVISION,Icebox,0,1,0.0
Nongshim RedForce,Rex Regum Qeon,Icebox,0,1,0.0
Nongshim RedForce,T1,Icebox,0,1,0.0
Nova Esports,TYLOO,Icebox,0,1,0.0
OpTic Gaming,XERXIA Esports,Icebox,0,1,0.0
OpTic Gaming,The Guard,Icebox,1,1,100.0
Paper Rex,Vision Strikers,Icebox,0,1,0.0
Paper Rex,ZETA DIVISION,Icebox,1,1,100.0
Paper Rex,TALON,Icebox,1,1,100.0
Paper Rex,Team Heretics,Icebox,1,1,100.0
Paper Rex,Rex Regum Qeon,Icebox,1,1,100.0
Rex Regum Qeon,Team Secret,Icebox,1,1,100.0
Rex Regum Qeon,TALON,Icebox,1,1,100.0
Rex Regum Qeon,Wolves Esports,Icebox,0,1,0.0
Rex Regum Qeon,T1,Icebox,1,1,100.0
Sentinels,Team Vikings,Icebox,1,1,100.0
Sentinels,Team Heretics,Icebox,0,1,0.0
T1,Team Secret,Icebox,0,1,0.0
T1,TALON,Icebox,0,1,0.0
TALON,ZETA DIVISION,Icebox,1,1,100.0
TYLOO,Titan Esports Club,Icebox,0,1,0.0
Team Deadshot,VICTORY,Icebox,1,1,100.0
Team Heretics,Team Vitality,Icebox,1,1,100.0
Team Heretics,Team Liquid,Icebox,1,1,100.0
Team Liquid,XERXIA Esports,Icebox,0,1,0.0
Team Secret,Team Vikings,Icebox,1,1,100.0
Team Secret,ZETA DIVISION,Icebox,0,1,0.0
Team Vikings,X10 Esports,Icebox,1,1,100.0
Titan Esports Club,Wolves Esports,Icebox,0,1,0.0
Wolves Esports,Xi Lai Gaming,Icebox,0,1,0.0
XERXIA Esports,XSET,Icebox,0,1,0.0
100 Thieves,LOUD,Lotus,1,1,100.0
100 Thieves,LEVIATÁN,Lotus,1,2,50.0
100 Thieves,MIBR,Lotus,1,1,100.0
100 Thieves,NRG,Lotus,1,2,50.0
100 Thieves,G2 Esports,Lotus,0,1,0.0
100 Thieves,BBL Esports,Lotus,1,1,100.0
100 Thieves,Nongshim RedForce,Lotus,0,1,0.0
2Game Esports,Evil Geniuses,Lotus,0,2,0.0
2Game Esports,Cloud9,Lotus,0,1,0.0
2Game Esports,Sentinels,Lotus,0,1,0.0
2Game Esports,LOUD,Lotus,1,1,100.0
2Game Esports,FURIA,Lotus,0,1,0.0
A Team,Trace Esports,Lotus,0,1,0.0
All Gamers,Xi Lai Gaming,Lotus,1,6,16.67
All Gamers,Dragon Ranger Gaming,Lotus,2,3,66.67
All Gamers,Nova Esports,Lotus,1,1,100.0
All Gamers,TYLOO,Lotus,0,1,0.0
All Gamers,Trace Esports,Lotus,2,2,100.0
All Gamers,Wolves Esports,Lotus,1,2,50.0
All Gamers,Titan Esports Club,Lotus,1,1,100.0
All Gamers,JDG Esports,Lotus,1,1,100.0
All Gamers,Bilibili Gaming,Lotus,1,1,100.0
All Gamers,EDward Gaming,Lotus,0,1,0.0
All Gamers,Team Heretics,Lotus,0,1,0.0
All Gamers,MIBR,Lotus,1,1,100.0
Apeks,Karmine Corp,Lotus,0,1,0.0
Apeks,Team Liquid,Lotus,0,1,0.0
Apeks,KOI,Lotus,1,1,100.0
Apeks,FNATIC,Lotus,0,2,0.0
Apeks,Natus Vincere,Lotus,1,1,100.0
Apeks,Team Vitality,Lotus,0,1,0.0
Apeks,GIANTX,Lotus,0,1,0.0
BBL Esports,GIANTX,Lotus,3,3,100.0
BBL Esports,Gentle Mates,Lotus,2,3,66.67
BBL Esports,Team Vitality,Lotus,0,2,0.0
BBL Esports,Natus Vincere,Lotus,1,1,100.0
BBL Esports,Team Heretics,Lotus,1,2,50.0
BBL Esports,EDward Gaming,Lotus,1,2,50.0
BBL Esports,NRG,Lotus,0,1,0.0
BBL Esports,Nongshim RedForce,Lotus,0,1,0.0
BBL Esports,FUT Esports,Lotus,1,1,100.0
BBL Esports,PCIFIC Esports,Lotus,0,1,0.0
BESTIA,Cloud9,Lotus,1,1,100.0
BOOM Esports,Paper Rex,Lotus,0,2,0.0
BOOM Esports,DetonatioN FocusMe,Lotus,0,1,0.0
BOOM Esports,ZETA DIVISION,Lotus,1,1,100.0
BOOM Esports,Global Esports,Lotus,1,1,100.0
BOOM Esports,Nongshim RedForce,Lotus,0,1,0.0
Bilibili Gaming,NRG,Lotus,1,1,100.0
Bilibili Gaming,FNATIC,Lotus,0,2,0.0
Bilibili Gaming,DRX,Lotus,0,1,0.0
Bilibili Gaming,KRÜ Esports,Lotus,0,1,0.0
Bilibili Gaming,Rex Regum Qeon,Lotus,0,1,0.0
Bilibili Gaming,TYLOO,Lotus,2,2,100.0
Bilibili Gaming,EDward Gaming,Lotus,2,3,66.67
Bilibili Gaming,Dragon Ranger Gaming,Lotus,2,3,66.67
Bilibili Gaming,Sentinels,Lotus,0,1,0.0
Bilibili Gaming,Wolves Esports,Lotus,2,3,66.67
Bilibili Gaming,Trace Esports,Lotus,1,3,33.33
Bilibili Gaming,Xi Lai Gaming,Lotus,3,4,75.0
Bilibili Gaming,FunPlus Phoenix,Lotus,2,2,100.0
Bilibili Gaming,JD Gaming,Lotus,0,1,0.0
Cloud9,Evil Geniuses,Lotus,1,1,100.0
Cloud9,Sentinels,Lotus,0,3,0.0
Cloud9,G2 Esports,Lotus,0,3,0.0
Cloud9,LEVIATÁN,Lotus,1,1,100.0
Cloud9,NRG,Lotus,1,3,33.33
Cloud9,MIBR,Lotus,1,2,50.0
Cloud9,FURIA,Lotus,1,1,100.0
Cloud9,LOUD,Lotus,0,1,0.0
Cloud9,Fluxo W7M,Lotus,0,1,0.0
DRX,LOUD,Lotus,0,1,0.0
DRX,Natus Vincere,Lotus,1,1,100.0
DRX,Evil Geniuses,Lotus,0,1,0.0
DRX,FNATIC,Lotus,1,2,50.0
DRX,Trace Esports,Lotus,1,1,100.0
DRX,NRG,Lotus,0,1,0.0
DRX,G2 Esports,Lotus,0,1,0.0
DRX,Paper Rex,Lotus,2,3,66.67
DRX,Nongshim RedForce,Lotus,2,2,100.0
DRX,Global Esports,Lotus,1,1,100.0
DRX,TALON,Lotus,0,1,0.0
DRX,DetonatioN FocusMe,Lotus,1,1,100.0
DRX,Gen.G,Lotus,0,1,0.0
DRX,T1,Lotus,1,3,33.33
DRX,Rex Regum Qeon,Lotus,0,1,0.0
DRX,Sentinels,Lotus,1,1,100.0
DetonatioN FocusMe,ZETA DIVISION,Lotus,1,2,50.0
DetonatioN FocusMe,Paper Rex,Lotus,0,2,0.0
DetonatioN FocusMe,Nongshim RedForce,Lotus,0,1,0.0
DetonatioN FocusMe,Global Esports,Lotus,0,1,0.0
DetonatioN FocusMe,Gen.G,Lotus,0,2,0.0
DetonatioN FocusMe,T1,Lotus,0,1,0.0
DetonatioN FocusMe,VARREL,Lotus,2,2,100.0
DetonatioN FocusMe,Rex Regum Qeon,Lotus,0,2,0.0
DetonatioN FocusMe,QT DIG∞,Lotus,0,1,0.0
Dragon Ranger Gaming,T1,Lotus,0,1,0.0
Dragon Ranger Gaming,G2 Esports,Lotus,0,1,0.0
Dragon Ranger Gaming,Nova Esports,Lotus,2,2,100.0
Dragon Ranger Gaming,Wolves Esports,Lotus,1,3,33.33
Dragon Ranger Gaming,Xi Lai Gaming,Lotus,2,5,40.0
Dragon Ranger Gaming,EDward Gaming,Lotus,3,4,75.0
Dragon Ranger Gaming,Titan Esports Club,Lotus,2,2,100.0
Dragon Ranger Gaming,Trace Esports,Lotus,1,2,50.0
Dragon Ranger Gaming,JDG Esports,Lotus,1,1,100.0
EDward Gaming,FUT Esports,Lotus,1,1,100.0
EDward Gaming,Paper Rex,Lotus,1,1,100.0
EDward Gaming,Sentinels,Lotus,1,1,100.0
EDward Gaming,LEVIATÁN,Lotus,1,1,100.0
EDward Gaming,Team Heretics,Lotus,1,1,100.0
EDward Gaming,JDG Esports,Lotus,0,1,0.0
EDward Gaming,Trace Esports,Lotus,1,4,25.0
EDward Gaming,Xi Lai Gaming,Lotus,2,4,50.0
EDward Gaming,Titan Esports Club,Lotus,0,1,0.0
EDward Gaming,G2 Esports,Lotus,0,1,0.0
EDward Gaming,Wolves Esports,Lotus,1,1,100.0
EDward Gaming,TYLOO,Lotus,0,1,0.0
EDward Gaming,Nova Esports,Lotus,0,1,0.0
ENVY,LOUD,Lotus,1,1,100.0
ENVY,G2 Esports,Lotus,0,2,0.0
Eintracht Frankfurt,GIANTX,Lotus,0,1,0.0
Eintracht Frankfurt,Team Heretics,Lotus,1,1,100.0
Eintracht Frankfurt,Eternal Fire,Lotus,1,1,100.0
Eintracht Frankfurt,Team Liquid,Lotus,1,1,100.0
Enterprise Esports,FNATIC,Lotus,0,1,0.0
Enterprise Esports,Gentle Mates,Lotus,1,1,100.0
Enterprise Esports,Fire Flux Esports,Lotus,1,1,100.0
Enterprise Esports,Team Vitality,Lotus,1,1,100.0
Enterprise Esports,Karmine Corp,Lotus,0,1,0.0
Enterprise Esports,Team Liquid,Lotus,0,1,0.0
Eternal Fire,FNATIC,Lotus,0,1,0.0
Eternal Fire,Team Vitality,Lotus,1,1,100.0
Eternal Fire,PCIFIC Esports,Lotus,1,1,100.0
Eternal Fire,Team Heretics,Lotus,2,3,66.67
Eternal Fire,Gentle Mates,Lotus,1,1,100.0
Eternal Fire,Team Liquid,Lotus,1,1,100.0
Eternal Fire,Karmine Corp,Lotus,0,1,0.0
Eternal Fire,Joblife,Lotus,0,1,0.0
Eternal Fire,FUT Esports,Lotus,0,1,0.0
Evil Geniuses,LOUD,Lotus,1,2,50.0
Evil Geniuses,Paper Rex,Lotus,1,1,100.0
Evil Geniuses,Sentinels,Lotus,0,1,0.0
Evil Geniuses,KRÜ Esports,Lotus,2,4,50.0
Evil Geniuses,G2 Esports,Lotus,1,1,100.0
Evil Geniuses,FURIA,Lotus,0,1,0.0
Evil Geniuses,NRG,Lotus,0,1,0.0
FNATIC,LOUD,Lotus,0,1,0.0
FNATIC,KRÜ Esports,Lotus,1,1,100.0
FNATIC,Team Heretics,Lotus,0,3,0.0
FNATIC,Sentinels,Lotus,0,1,0.0
FNATIC,Paper Rex,Lotus,1,2,50.0
FNATIC,NRG,Lotus,0,1,0.0
FNATIC,Karmine Corp,Lotus,0,1,0.0
FNATIC,GIANTX,Lotus,1,2,50.0
FNATIC,Rex Regum Qeon,Lotus,1,1,100.0
FNATIC,G2 Esports,Lotus,1,1,100.0
FNATIC,Wolves Esports,Lotus,0,1,0.0
FNATIC,Team Vitality,Lotus,1,1,100.0
FNATIC,FUT Esports,Lotus,1,1,100.0
FNATIC,PCIFIC Esports,Lotus,1,1,100.0
FNATIC,Team Liquid,Lotus,0,1,0.0
FNATIC,Joblife,Lotus,0,1,0.0
FULL SENSE,VARREL,Lotus,1,1,100.0
FULL SENSE,Kiwoom DRX,Lotus,1,1,100.0
FULL SENSE,T1,Lotus,1,2,50.0
FULL SENSE,Paper Rex,Lotus,0,1,0.0
FULL SENSE,Gen.G,Lotus,0,1,0.0
FULL SENSE,Rex Regum Qeon,Lotus,1,1,100.0
FURIA,G2 Esports,Lotus,0,1,0.0
FURIA,NRG,Lotus,1,2,50.0
FURIA,KRÜ Esports,Lotus,0,1,0.0
FUT Esports,Gentle Mates,Lotus,2,2,100.0
FUT Esports,Team Vitality,Lotus,0,2,0.0
FUT Esports,KOI,Lotus,1,1,100.0
FUT Esports,Team Liquid,Lotus,0,2,0.0
FUT Esports,Karmine Corp,Lotus,2,3,66.67
FUT Esports,Team Heretics,Lotus,0,2,0.0
FUT Esports,PCIFIC Esports,Lotus,0,1,0.0
Fire Flux Esports,Joblife,Lotus,1,1,100.0
Fire Flux Esports,Team Liquid,Lotus,0,1,0.0
Fluxo W7M,KRÜ Esports,Lotus,0,1,0.0
FunPlus Phoenix,T1,Lotus,0,1,0.0
FunPlus Phoenix,Team Heretics,Lotus,0,1,0.0
FunPlus Phoenix,Sentinels,Lotus,0,1,0.0
FunPlus Phoenix,JDG Esports,Lotus,0,1,0.0
FunPlus Phoenix,Nova Esports,Lotus,0,1,0.0
FunPlus Phoenix,TYLOO,Lotus,0,1,0.0
FunPlus Phoenix,Wolves Esports,Lotus,1,1,100.0
G2 Esports,Paper Rex,Lotus,1,3,33.33
G2 Esports,Team Heretics,Lotus,0,1,0.0
G2 Esports,T1,Lotus,2,2,100.0
G2 Esports,Sentinels,Lotus,1,2,50.0
G2 Esports,NRG,Lotus,3,3,100.0
G2 Esports,Gen.G,Lotus,1,1,100.0
G2 Esports,LEVIATÁN,Lotus,1,1,100.0
G2 Esports,MIBR,Lotus,1,2,50.0
G2 Esports,Trace Esports,Lotus,1,1,100.0
G2 Esports,Team Liquid,Lotus,1,1,100.0
G2 Esports,Team Vitality,Lotus,1,1,100.0
G2 Esports,KRÜ Esports,Lotus,2,2,100.0
G2 Esports,Xi Lai Gaming,Lotus,1,1,100.0
G2 Esports,LOUD,Lotus,0,1,0.0
GIANTX,Paper Rex,Lotus,0,1,0.0
GIANTX,NRG,Lotus,0,1,0.0
GIANTX,Team Heretics,Lotus,1,2,50.0
GIANTX,Team Liquid,Lotus,0,1,0.0
GIANTX,Team Vitality,Lotus,0,1,0.0
GIANTX,Karmine Corp,Lotus,1,1,100.0
Gen.G,Team Heretics,Lotus,0,1,0.0
Gen.G,Sentinels,Lotus,0,1,0.0
Gen.G,Team Secret,Lotus,2,2,100.0
Gen.G,Nongshim RedForce,Lotus,0,1,0.0
Gen.G,Paper Rex,Lotus,2,2,100.0
Gen.G,Rex Regum Qeon,Lotus,2,3,66.67
Gen.G,TALON,Lotus,1,1,100.0
Gen.G,T1,Lotus,0,2,0.0
Gen.G,Kiwoom DRX,Lotus,0,1,0.0
Gentle Mates,Team Vitality,Lotus,1,1,100.0
Gentle Mates,KOI,Lotus,0,1,0.0
Gentle Mates,Natus Vincere,Lotus,1,1,100.0
Gentle Mates,Team Heretics,Lotus,0,1,0.0
Gentle Mates,Team Liquid,Lotus,0,1,0.0
Gentle Mates,Xi Lai Gaming,Lotus,1,1,100.0
Gentle Mates,Nongshim RedForce,Lotus,0,1,0.0
Gentle Mates,NRG,Lotus,0,1,0.0
Giants Gaming,KRÜ Esports,Lotus,1,1,100.0
Global Esports,Team Secret,Lotus,1,2,50.0
Global Esports,Paper Rex,Lotus,0,3,0.0
Global Esports,TALON,Lotus,0,1,0.0
Global Esports,MIBR,Lotus,0,1,0.0
Global Esports,Kiwoom DRX,Lotus,1,1,100.0
JDG Esports,Trace Esports,Lotus,2,3,66.67
JDG Esports,Titan Esports Club,Lotus,1,1,100.0
JDG Esports,Xi Lai Gaming,Lotus,0,2,0.0
JDG Esports,Nova Esports,Lotus,1,1,100.0
Joblife,PCIFIC Esports,Lotus,1,1,100.0
KOI,Team Liquid,Lotus,0,2,0.0
KOI,Karmine Corp,Lotus,1,2,50.0
KRÜ Esports,NRG,Lotus,1,2,50.0
KRÜ Esports,LEVIATÁN,Lotus,0,1,0.0
KRÜ Esports,Sentinels,Lotus,2,2,100.0
KRÜ Esports,MIBR,Lotus,0,1,0.0
KRÜ Esports,LOUD,Lotus,1,1,100.0
Karmine Corp,Team Liquid,Lotus,1,3,33.33
Karmine Corp,Natus Vincere,Lotus,1,2,50.0
Karmine Corp,Team Heretics,Lotus,1,2,50.0
Karmine Corp,Team Vitality,Lotus,0,1,0.0
Karmine Corp,Paper Rex,Lotus,1,1,100.0
Kiwoom DRX,Nongshim RedForce,Lotus,1,1,100.0
Kiwoom DRX,Paper Rex,Lotus,0,1,0.0
Kiwoom DRX,T1,Lotus,0,1,0.0
Kiwoom DRX,ONSIDE GAMING,Lotus,1,1,100.0
Kiwoom DRX,ZETA DIVISION,Lotus,1,1,100.0
LEVIATÁN,Team Heretics,Lotus,1,2,50.0
LEVIATÁN,MIBR,Lotus,2,2,100.0
LEVIATÁN,NRG,Lotus,0,1,0.0
LOUD,Paper Rex,Lotus,0,1,0.0
LOUD,Sentinels,Lotus,2,3,66.67
LOUD,NRG,Lotus,0,1,0.0
MIBR,NRG,Lotus,0,1,0.0
MIBR,Sentinels,Lotus,0,2,0.0
MIBR,Team Heretics,Lotus,0,1,0.0
NRG,Sentinels,Lotus,2,2,100.0
NRG,Paper Rex,Lotus,1,1,100.0
NRG,Team Vitality,Lotus,1,1,100.0
Natus Vincere,Team Heretics,Lotus,1,1,100.0
Natus Vincere,Team Liquid,Lotus,0,1,0.0
Nongshim RedForce,Team Secret,Lotus,1,1,100.0
Nongshim RedForce,TALON,Lotus,1,3,33.33
Nongshim RedForce,T1,Lotus,0,1,0.0
Nongshim RedForce,ZETA DIVISION,Lotus,1,1,100.0
Nongshim RedForce,Rex Regum Qeon,Lotus,1,1,100.0
Nongshim RedForce,Paper Rex,Lotus,0,1,0.0
Nova Esports,Xi Lai Gaming,Lotus,1,2,50.0
Nova Esports,Trace Esports,Lotus,0,2,0.0
Nova Esports,Wolves Esports,Lotus,1,1,100.0
Paper Rex,Team Heretics,Lotus,1,1,100.0
Paper Rex,T1,Lotus,2,2,100.0
Paper Rex,ZETA DIVISION,Lotus,1,2,50.0
Paper Rex,Rex Regum Qeon,Lotus,0,1,0.0
Paper Rex,Team Liquid,Lotus,1,1,100.0
Paper Rex,Wolves Esports,Lotus,1,1,100.0
Paper Rex,VARREL,Lotus,0,1,0.0
Rex Regum Qeon,TALON,Lotus,1,1,100.0
Rex Regum Qeon,T1,Lotus,2,2,100.0
Rex Regum Qeon,Team Secret,Lotus,0,2,0.0
Sentinels,Xi Lai Gaming,Lotus,1,2,50.0
Sentinels,Wolves Esports,Lotus,1,1,100.0
Sentinels,Team Liquid,Lotus,1,1,100.0
T1,Team Heretics,Lotus,0,1,0.0
T1,TALON,Lotus,0,1,0.0
T1,Team Secret,Lotus,1,1,100.0
T1,Trace Esports,Lotus,1,1,100.0
T1,Team Vitality,Lotus,0,1,0.0
T1,ZETA DIVISION,Lotus,1,1,100.0
TALON,Team Vitality,Lotus,0,1,0.0
TALON,ZETA DIVISION,Lotus,0,1,0.0
TYLOO,Titan Esports Club,Lotus,1,1,100.0
TYLOO,Xi Lai Gaming,Lotus,0,1,0.0
Team Heretics,Wolves Esports,Lotus,0,1,0.0
Team Heretics,Team Liquid,Lotus,0,1,0.0
Team Heretics,Team Vitality,Lotus,1,1,100.0
Team Liquid,Team Vitality,Lotus,0,2,0.0
Team Secret,ZETA DIVISION,Lotus,0,1,0.0
Titan Esports Club,Xi Lai Gaming,Lotus,0,1,0.0
Trace Esports,Xi Lai Gaming,Lotus,1,2,50.0
Trace Esports,Wolves Esports,Lotus,1,1,100.0
Wolves Esports,Xi Lai Gaming,Lotus,1,5,20.0
100 Thieves,FNATIC,Pearl,1,1,100.0
100 Thieves,Sentinels,Pearl,0,2,0.0
100 Thieves,G2 Esports,Pearl,0,2,0.0
100 Thieves,NRG,Pearl,1,3,33.33
100 Thieves,FURIA,Pearl,0,1,0.0
100 Thieves,LEVIATÁN,Pearl,0,1,0.0
100 Thieves,LOUD,Pearl,1,1,100.0
100 Thieves,Cloud9,Pearl,1,1,100.0
2Game Esports,LOUD,Pearl,1,1,100.0
2Game Esports,KRÜ Esports,Pearl,0,1,0.0
2Game Esports,Sentinels,Pearl,0,1,0.0
All Gamers,Trace Esports,Pearl,0,1,0.0
All Gamers,Bilibili Gaming,Pearl,0,2,0.0
All Gamers,JDG Esports,Pearl,0,1,0.0
All Gamers,Wolves Esports,Pearl,0,1,0.0
All Gamers,FunPlus Phoenix,Pearl,0,1,0.0
All Gamers,Gentle Mates,Pearl,0,1,0.0
All Gamers,Paper Rex,Pearl,0,1,0.0
All Gamers,Nova Esports,Pearl,1,1,100.0
All Gamers,Xi Lai Gaming,Pearl,1,1,100.0
Apeks,Gentle Mates,Pearl,0,1,0.0
Apeks,Team Liquid,Pearl,1,1,100.0
BBL Esports,Karmine Corp,Pearl,1,1,100.0
BBL Esports,KOI,Pearl,1,1,100.0
BBL Esports,GIANTX,Pearl,1,1,100.0
BBL Esports,Team Heretics,Pearl,0,1,0.0
BBL Esports,Team Liquid,Pearl,1,1,100.0
BBL Esports,Eternal Fire,Pearl,0,1,0.0
BBL Esports,NRG,Pearl,0,1,0.0
BBL Esports,PCIFIC Esports,Pearl,1,1,100.0
BBL Esports,Gentle Mates,Pearl,1,1,100.0
BOOM Esports,ZETA DIVISION,Pearl,0,1,0.0
BOOM Esports,Paper Rex,Pearl,1,1,100.0
BOOM Esports,T1,Pearl,0,1,0.0
BOOM Esports,Nongshim RedForce,Pearl,0,1,0.0
Bilibili Gaming,Xi Lai Gaming,Pearl,1,3,33.33
Bilibili Gaming,JDG Esports,Pearl,1,1,100.0
Bilibili Gaming,EDward Gaming,Pearl,2,3,66.67
Bilibili Gaming,Wolves Esports,Pearl,1,1,100.0
Bilibili Gaming,TYLOO,Pearl,1,1,100.0
Bilibili Gaming,FunPlus Phoenix,Pearl,2,2,100.0
Cloud9,NRG,Pearl,1,2,50.0
Cloud9,MIBR,Pearl,1,2,50.0
Cloud9,FURIA,Pearl,1,1,100.0
Cloud9,G2 Esports,Pearl,0,1,0.0
Cloud9,Sentinels,Pearl,0,1,0.0
Cloud9,LEVIATÁN,Pearl,1,2,50.0
Cloud9,ENVY,Pearl,1,2,50.0
DRX,T1,Pearl,0,1,0.0
DRX,Nongshim RedForce,Pearl,0,1,0.0
DetonatioN FocusMe,Global Esports,Pearl,1,2,50.0
DetonatioN FocusMe,Paper Rex,Pearl,1,2,50.0
DetonatioN FocusMe,Rex Regum Qeon,Pearl,0,1,0.0
DetonatioN FocusMe,FULL SENSE,Pearl,0,2,0.0
DetonatioN FocusMe,T1,Pearl,0,2,0.0
DetonatioN FocusMe,ZETA DIVISION,Pearl,1,1,100.0
DetonatioN FocusMe,Gen.G,Pearl,1,1,100.0
Dragon Ranger Gaming,EDward Gaming,Pearl,0,3,0.0
Dragon Ranger Gaming,Trace Esports,Pearl,0,1,0.0
Dragon Ranger Gaming,TYLOO,Pearl,2,2,100.0
Dragon Ranger Gaming,Nova Esports,Pearl,1,1,100.0
Dragon Ranger Gaming,FunPlus Phoenix,Pearl,0,1,0.0
Dragon Ranger Gaming,Wolves Esports,Pearl,0,1,0.0
EDward Gaming,Paper Rex,Pearl,0,2,0.0
EDward Gaming,Evil Geniuses,Pearl,0,1,0.0
EDward Gaming,Team Liquid,Pearl,1,1,100.0
EDward Gaming,G2 Esports,Pearl,0,1,0.0
EDward Gaming,T1,Pearl,1,1,100.0
EDward Gaming,Xi Lai Gaming,Pearl,1,2,50.0
EDward Gaming,Gentle Mates,Pearl,0,1,0.0
ENVY,LOUD,Pearl,0,1,0.0
ENVY,KRÜ Esports,Pearl,1,1,100.0
ENVY,Evil Geniuses,Pearl,0,1,0.0
Eternal Fire,Team Heretics,Pearl,1,1,100.0
Eternal Fire,FUT Esports,Pearl,1,1,100.0
Evil Geniuses,FunPlus Phoenix,Pearl,1,1,100.0
Evil Geniuses,FUT Esports,Pearl,1,1,100.0
Evil Geniuses,Paper Rex,Pearl,0,1,0.0
Evil Geniuses,LOUD,Pearl,1,3,33.33
Evil Geniuses,Sentinels,Pearl,0,2,0.0
Evil Geniuses,KRÜ Esports,Pearl,1,1,100.0
Evil Geniuses,G2 Esports,Pearl,0,1,0.0
Evil Geniuses,FURIA,Pearl,0,1,0.0
Evil Geniuses,NRG,Pearl,0,1,0.0
FNATIC,XSET,Pearl,0,1,0.0
FNATIC,Paper Rex,Pearl,0,1,0.0
FNATIC,Natus Vincere,Pearl,1,1,100.0
FULL SENSE,Rex Regum Qeon,Pearl,1,1,100.0
FULL SENSE,T1,Pearl,1,2,50.0
FULL SENSE,Paper Rex,Pearl,0,1,0.0
FULL SENSE,Kiwoom DRX,Pearl,1,1,100.0
FURIA,NRG,Pearl,1,2,50.0
FURIA,LEVIATÁN,Pearl,0,2,0.0
FURIA,KRÜ Esports,Pearl,0,1,0.0
FUT Esports,T1,Pearl,2,2,100.0
FUT Esports,Paper Rex,Pearl,0,1,0.0
FUT Esports,KOI,Pearl,1,1,100.0
FUT Esports,Karmine Corp,Pearl,0,2,0.0
FUT Esports,Team Liquid,Pearl,1,1,100.0
FUT Esports,Gentle Mates,Pearl,0,1,0.0
FUT Esports,Team Vitality,Pearl,0,1,0.0
FunPlus Phoenix,XSET,Pearl,0,2,0.0
FunPlus Phoenix,TYLOO,Pearl,2,3,66.67
FunPlus Phoenix,Titan Esports Club,Pearl,1,1,100.0
FunPlus Phoenix,JDG Esports,Pearl,2,2,100.0
G2 Esports,MIBR,Pearl,0,1,0.0
G2 Esports,Sentinels,Pearl,2,3,66.67
G2 Esports,T1,Pearl,0,1,0.0
G2 Esports,LEVIATÁN,Pearl,3,3,100.0
G2 Esports,LOUD,Pearl,1,1,100.0
G2 Esports,NRG,Pearl,2,2,100.0
GIANTX,Natus Vincere,Pearl,0,1,0.0
GIANTX,Team Vitality,Pearl,0,1,0.0
GIANTX,PCIFIC Esports,Pearl,0,1,0.0
GIANTX,Gentle Mates,Pearl,0,1,0.0
GIANTX,Team Liquid,Pearl,1,1,100.0
Gen.G,Global Esports,Pearl,1,1,100.0
Gen.G,TALON,Pearl,1,1,100.0
Gen.G,T1,Pearl,0,1,0.0
Gen.G,Nongshim RedForce,Pearl,0,1,0.0
Gen.G,Kiwoom DRX,Pearl,0,1,0.0
Gen.G,VARREL,Pearl,0,1,0.0
Gentle Mates,Karmine Corp,Pearl,1,2,50.0
Gentle Mates,Team Heretics,Pearl,0,1,0.0
Gentle Mates,KOI,Pearl,1,1,100.0
Gentle Mates,Natus Vincere,Pearl,1,1,100.0
Gentle Mates,Team Liquid,Pearl,1,1,100.0
Giants Gaming,KRÜ Esports,Pearl,1,1,100.0
Global Esports,Team Secret,Pearl,1,1,100.0
Global Esports,Paper Rex,Pearl,1,2,50.0
Global Esports,Rex Regum Qeon,Pearl,1,1,100.0
JDG Esports,Wolves Esports,Pearl,0,1,0.0
JDG Esports,Xi Lai Gaming,Pearl,1,2,50.0
JDG Esports,TYLOO,Pearl,1,1,100.0
JDG Esports,Trace Esports,Pearl,1,1,100.0
KRÜ Esports,Paper Rex,Pearl,0,1,0.0
Karmine Corp,Team Liquid,Pearl,0,1,0.0
Kiwoom DRX,Team Secret,Pearl,1,1,100.0
Kiwoom DRX,Nongshim RedForce,Pearl,0,1,0.0
LEVIATÁN,MIBR,Pearl,0,1,0.0
LOUD,OpTic Gaming,Pearl,0,1,0.0
LOUD,Natus Vincere,Pearl,0,1,0.0
LOUD,Paper Rex,Pearl,0,1,0.0
LOUD,Sentinels,Pearl,0,1,0.0
MIBR,Sentinels,Pearl,1,1,100.0
NRG,Paper Rex,Pearl,3,3,100.0
Natus Vincere,Team Heretics,Pearl,0,2,0.0
Nongshim RedForce,Rex Regum Qeon,Pearl,2,2,100.0
Nongshim RedForce,Team Secret,Pearl,2,2,100.0
Nongshim RedForce,ZETA DIVISION,Pearl,0,1,0.0
Nongshim RedForce,TALON,Pearl,1,1,100.0
Nova Esports,TYLOO,Pearl,1,1,100.0
Nova Esports,Wolves Esports,Pearl,0,1,0.0
OpTic Gaming,XSET,Pearl,1,1,100.0
Paper Rex,Team Liquid,Pearl,1,1,100.0
Paper Rex,Team Heretics,Pearl,1,1,100.0
Paper Rex,Rex Regum Qeon,Pearl,1,3,33.33
Paper Rex,T1,Pearl,1,1,100.0
Rex Regum Qeon,T1,Pearl,0,3,0.0
Rex Regum Qeon,Team Secret,Pearl,1,1,100.0
T1,VARREL,Pearl,1,1,100.0
TALON,Team Secret,Pearl,0,1,0.0
TYLOO,Titan Esports Club,Pearl,0,1,0.0
Team Heretics,Wolves Esports,Pearl,0,1,0.0
Team Heretics,Team Liquid,Pearl,0,1,0.0
Team Heretics,Team Vitality,Pearl,0,1,0.0
Team Liquid,Team Vitality,Pearl,1,2,50.0
Team Liquid,ULF Esports,Pearl,1,1,100.0
Trace Esports,Wolves Esports,Pearl,0,1,0.0
Trace Esports,Xi Lai Gaming,Pearl,0,1,0.0
Wolves Esports,Xi Lai Gaming,Pearl,0,1,0.0
100 Thieves,Gambit Esports,Split,1,1,100.0
100 Thieves,Sentinels,Split,2,4,50.0
100 Thieves,LOUD,Split,2,2,100.0
100 Thieves,MIBR,Split,0,1,0.0
100 Thieves,G2 Esports,Split,1,2,50.0
100 Thieves,KRÜ Esports,Split,2,2,100.0
100 Thieves,LEVIATÁN,Split,1,1,100.0
100 Thieves,Cloud9,Split,0,2,0.0
100 Thieves,BBL Esports,Split,0,1,0.0
2Game Esports,KRÜ Esports,Split,0,1,0.0
2Game Esports,FURIA,Split,0,1,0.0
2Game Esports,Sentinels,Split,0,1,0.0
Acend,Team Liquid,Split,1,1,100.0
Acend,Gambit Esports,Split,1,1,100.0
Acend,Papara SuperMassive,Split,1,1,100.0
All Gamers,Trace Esports,Split,2,3,66.67
All Gamers,JDG Esports,Split,0,1,0.0
All Gamers,FunPlus Phoenix,Split,0,1,0.0
All Gamers,Xi Lai Gaming,Split,2,3,66.67
All Gamers,TYLOO,Split,1,2,50.0
All Gamers,Dragon Ranger Gaming,Split,1,2,50.0
All Gamers,G2 Esports,Split,0,1,0.0
All Gamers,Gentle Mates,Split,1,1,100.0
All Gamers,Paper Rex,Split,0,1,0.0
All Gamers,Nova Esports,Split,1,1,100.0
All Gamers,Bilibili Gaming,Split,1,1,100.0
All Gamers,Titan Esports Club,Split,1,1,100.0
All Gamers,Global Esports,Split,1,1,100.0
All Gamers,MIBR,Split,0,1,0.0
Apeks,Team Heretics,Split,0,1,0.0
Apeks,Natus Vincere,Split,0,1,0.0
Apeks,FNATIC,Split,0,1,0.0
BBL Esports,FUT Esports,Split,1,2,50.0
BBL Esports,Team Liquid,Split,1,2,50.0
BBL Esports,FNATIC,Split,1,1,100.0
BBL Esports,PCIFIC Esports,Split,1,1,100.0
BBL Esports,Eternal Fire,Split,0,1,0.0
BBL Esports,GIANTX,Split,0,1,0.0
BBL Esports,NRG,Split,0,1,0.0
BBL Esports,Gentle Mates,Split,0,1,0.0
BBL Esports,Team Vitality,Split,1,1,100.0
BOOM Esports,Gen.G,Split,0,1,0.0
Bilibili Gaming,NRG,Split,1,1,100.0
Bilibili Gaming,EDward Gaming,Split,1,2,50.0
Bilibili Gaming,Wolves Esports,Split,0,3,0.0
Bilibili Gaming,Trace Esports,Split,1,2,50.0
Bilibili Gaming,Dragon Ranger Gaming,Split,1,1,100.0
Bilibili Gaming,Xi Lai Gaming,Split,0,2,0.0
Bilibili Gaming,Titan Esports Club,Split,0,1,0.0
Bilibili Gaming,JD Gaming,Split,0,1,0.0
Bilibili Gaming,TYLOO,Split,0,1,0.0
Cloud9,FNATIC,Split,1,1,100.0
Cloud9,FULL SENSE,Split,1,1,100.0
Cloud9,Vision Strikers,Split,0,1,0.0
Cloud9,LEVIATÁN,Split,2,2,100.0
Cloud9,ENVY,Split,2,2,100.0
Cloud9,MIBR,Split,1,1,100.0
Cloud9,LOUD,Split,1,1,100.0
Cloud9,G2 Esports,Split,0,1,0.0
Cloud9,KRÜ Esports,Split,1,1,100.0
Cloud9,Fluxo W7M,Split,1,1,100.0
Crazy Raccoon,Team Secret,Split,0,1,0.0
Crazy Raccoon,Liberty,Split,1,1,100.0
DRX,OpTic Gaming,Split,0,1,0.0
DRX,ZETA DIVISION,Split,0,1,0.0
DRX,LOUD,Split,1,1,100.0
DRX,Natus Vincere,Split,0,1,0.0
DRX,FNATIC,Split,0,1,0.0
DRX,Global Esports,Split,1,1,100.0
DRX,Gen.G,Split,1,1,100.0
DRX,Team Vitality,Split,0,1,0.0
DRX,T1,Split,1,1,100.0
DetonatioN FocusMe,Global Esports,Split,2,2,100.0
DetonatioN FocusMe,Team Secret,Split,2,2,100.0
DetonatioN FocusMe,FULL SENSE,Split,1,1,100.0
DetonatioN FocusMe,T1,Split,0,1,0.0
DetonatioN FocusMe,Paper Rex,Split,0,1,0.0
DetonatioN FocusMe,Kiwoom DRX,Split,1,1,100.0
DetonatioN FocusMe,ZETA DIVISION,Split,1,1,100.0
Dragon Ranger Gaming,TYLOO,Split,1,2,50.0
Dragon Ranger Gaming,EDward Gaming,Split,2,4,50.0
Dragon Ranger Gaming,Xi Lai Gaming,Split,0,1,0.0
Dragon Ranger Gaming,JDG Esports,Split,1,1,100.0
EDward Gaming,Giants Gaming,Split,1,2,50.0
EDward Gaming,Evil Geniuses,Split,1,1,100.0
EDward Gaming,FunPlus Phoenix,Split,2,2,100.0
EDward Gaming,Team Liquid,Split,1,1,100.0
EDward Gaming,T1,Split,1,2,50.0
EDward Gaming,G2 Esports,Split,0,1,0.0
EDward Gaming,Nova Esports,Split,1,1,100.0
EDward Gaming,Xi Lai Gaming,Split,2,4,50.0
EDward Gaming,Titan Esports Club,Split,0,1,0.0
ENVY,X10 Esports,Split,0,1,0.0
ENVY,Sentinels,Split,1,1,100.0
ENVY,Gambit Esports,Split,0,1,0.0
ENVY,LEVIATÁN,Split,0,1,0.0
ENVY,M80,Split,1,1,100.0
ENVY,MIBR,Split,0,1,0.0
Eintracht Frankfurt,Gentle Mates,Split,1,1,100.0
Eintracht Frankfurt,Eternal Fire,Split,1,1,100.0
Eintracht Frankfurt,Team Liquid,Split,0,1,0.0
Enterprise Esports,FNATIC,Split,1,1,100.0
Enterprise Esports,Fire Flux Esports,Split,1,1,100.0
Eternal Fire,PCIFIC Esports,Split,0,1,0.0
Eternal Fire,GIANTX,Split,1,2,50.0
Eternal Fire,FUT Esports,Split,0,1,0.0
Eternal Fire,Team Liquid,Split,1,1,100.0
Eternal Fire,FNATIC,Split,1,1,100.0
Eternal Fire,Joblife,Split,1,1,100.0
Evil Geniuses,LOUD,Split,1,3,33.33
Evil Geniuses,Paper Rex,Split,1,1,100.0
Evil Geniuses,G2 Esports,Split,0,1,0.0
Evil Geniuses,MIBR,Split,0,1,0.0
Evil Geniuses,LEVIATÁN,Split,0,1,0.0
F4Q,Sentinels,Split,1,2,50.0
FNATIC,KRÜ Esports,Split,0,1,0.0
FNATIC,Sentinels,Split,0,1,0.0
FNATIC,FunPlus Phoenix,Split,1,1,100.0
FNATIC,Ninjas In Pyjamas,Split,0,1,0.0
FNATIC,FUT Esports,Split,3,3,100.0
FNATIC,LOUD,Split,0,1,0.0
FNATIC,Gen.G,Split,1,1,100.0
FNATIC,G2 Esports,Split,1,1,100.0
FNATIC,Wolves Esports,Split,1,1,100.0
FNATIC,Natus Vincere,Split,2,2,100.0
FNATIC,Team Vitality,Split,1,2,50.0
FNATIC,Team Liquid,Split,2,2,100.0
FNATIC,Team Heretics,Split,1,1,100.0
FNATIC,PCIFIC Esports,Split,1,1,100.0
FNATIC,Gentle Mates,Split,0,1,0.0
FNATIC,Karmine Corp,Split,1,1,100.0
FNATIC,GIANTX,Split,1,1,100.0
FULL SENSE,ZETA DIVISION,Split,3,3,100.0
FULL SENSE,Global Esports,Split,1,1,100.0
FULL SENSE,Kiwoom DRX,Split,1,1,100.0
FULL SENSE,Nongshim RedForce,Split,1,2,50.0
FULL SENSE,Gen.G,Split,0,1,0.0
FULL SENSE,QT DIG∞,Split,1,1,100.0
FURIA,MIBR,Split,1,2,50.0
FURIA,LEVIATÁN,Split,0,3,0.0
FURIA,NRG,Split,1,1,100.0
FURIA,Sentinels,Split,2,2,100.0
FURIA,Paper Rex,Split,0,1,0.0
FURIA,G2 Esports,Split,1,2,50.0
FUT Esports,Team Liquid,Split,0,2,0.0
FUT Esports,Team Vitality,Split,1,4,25.0
FUT Esports,Natus Vincere,Split,1,2,50.0
FUT Esports,Team Heretics,Split,0,1,0.0
FUT Esports,Gentle Mates,Split,0,1,0.0
FUT Esports,Karmine Corp,Split,1,1,100.0
FUT Esports,PCIFIC Esports,Split,1,1,100.0
FUT Esports,GIANTX,Split,1,1,100.0
Fire Flux Esports,PCIFIC Esports,Split,1,1,100.0
Fire Flux Esports,Joblife,Split,1,1,100.0
Fire Flux Esports,Team Vitality,Split,1,1,100.0
FunPlus Phoenix,OpTic Gaming,Split,1,1,100.0
FunPlus Phoenix,Nova Esports,Split,0,1,0.0
FunPlus Phoenix,JDG Esports,Split,0,2,0.0
FunPlus Phoenix,TYLOO,Split,1,2,50.0
FunPlus Phoenix,Titan Esports Club,Split,0,1,0.0
G2 Esports,Sentinels,Split,4,6,66.67
G2 Esports,ZETA DIVISION,Split,1,1,100.0
G2 Esports,Paper Rex,Split,0,3,0.0
G2 Esports,MIBR,Split,1,2,50.0
G2 Esports,T1,Split,0,1,0.0
G2 Esports,LEVIATÁN,Split,1,3,33.33
G2 Esports,Nongshim RedForce,Split,0,2,0.0
G2 Esports,NRG,Split,1,1,100.0
GIANTX,Team Vitality,Split,0,1,0.0
GIANTX,Team Heretics,Split,1,1,100.0
GIANTX,Natus Vincere,Split,0,1,0.0
GIANTX,Team Liquid,Split,0,2,0.0
GIANTX,PCIFIC Esports,Split,2,2,100.0
Gambit Esports,Team Vikings,Split,1,1,100.0
Gambit Esports,Vision Strikers,Split,0,1,0.0
Gen.G,Wolves Esports,Split,0,1,0.0
Gen.G,T1,Split,1,2,50.0
Gen.G,Global Esports,Split,0,1,0.0
Gen.G,Team Secret,Split,0,1,0.0
Gen.G,Nongshim RedForce,Split,1,1,100.0
Gentle Mates,Team Liquid,Split,0,3,0.0
Gentle Mates,KOI,Split,1,1,100.0
Gentle Mates,PCIFIC Esports,Split,0,1,0.0
Gentle Mates,Team Vitality,Split,0,1,0.0
Global Esports,Paper Rex,Split,1,4,25.0
Global Esports,Team Secret,Split,2,2,100.0
Global Esports,TALON,Split,1,1,100.0
Global Esports,VARREL,Split,2,2,100.0
Global Esports,ZETA DIVISION,Split,1,1,100.0
Guild Esports,OpTic Gaming,Split,1,1,100.0
JD Gaming,Trace Esports,Split,0,1,0.0
JD Gaming,Nova Esports,Split,1,1,100.0
JDG Esports,Trace Esports,Split,0,1,0.0
JDG Esports,Titan Esports Club,Split,1,1,100.0
JDG Esports,TYLOO,Split,0,1,0.0
JDG Esports,Nova Esports,Split,0,1,0.0
Joblife,Natus Vincere,Split,0,1,0.0
Joblife,PCIFIC Esports,Split,1,1,100.0
KOI,Team Liquid,Split,0,1,0.0
KRÜ Esports,Sentinels,Split,1,1,100.0
KRÜ Esports,ZETA DIVISION,Split,0,1,0.0
KRÜ Esports,Keyd Stars,Split,1,1,100.0
KRÜ Esports,Team Liquid,Split,0,1,0.0
KRÜ Esports,OpTic Gaming,Split,0,1,0.0
KRÜ Esports,Paper Rex,Split,0,1,0.0
KRÜ Esports,LOUD,Split,1,2,50.0
KRÜ Esports,MIBR,Split,0,1,0.0
KRÜ Esports,NRG,Split,1,1,100.0
KRÜ Esports,LEVIATÁN,Split,0,1,0.0
Karmine Corp,Team Liquid,Split,0,2,0.0
Karmine Corp,Natus Vincere,Split,0,2,0.0
Keyd Stars,ZETA DIVISION,Split,1,1,100.0
Kiwoom DRX,Nongshim RedForce,Split,1,1,100.0
Kiwoom DRX,Paper Rex,Split,0,1,0.0
Kiwoom DRX,VARREL,Split,1,1,100.0
Kiwoom DRX,T1,Split,0,1,0.0
Kiwoom DRX,ZETA DIVISION,Split,1,1,100.0
LEVIATÁN,XSET,Split,0,1,0.0
LEVIATÁN,MIBR,Split,2,4,50.0
LOUD,OpTic Gaming,Split,0,1,0.0
LOUD,Team Liquid,Split,1,1,100.0
LOUD,Paper Rex,Split,1,1,100.0
LOUD,Sentinels,Split,0,2,0.0
LOUD,MIBR,Split,0,1,0.0
MIBR,Sentinels,Split,0,2,0.0
MIBR,NRG,Split,1,2,50.0
MadHood,Penguins and Frogs,Split,1,1,100.0
NORTHEPTION,XERXIA Esports,Split,0,1,0.0
NRG,Paper Rex,Split,0,2,0.0
NUTURN,Version1,Split,1,1,100.0
Natus Vincere,Team Liquid,Split,1,2,50.0
Natus Vincere,Team Heretics,Split,1,1,100.0
Natus Vincere,Team Vitality,Split,0,1,0.0
Ninjas In Pyjamas,ZETA DIVISION,Split,1,1,100.0
Nongshim RedForce,Rex Regum Qeon,Split,1,1,100.0
Nongshim RedForce,T1,Split,0,2,0.0
Nongshim RedForce,Team Secret,Split,2,2,100.0
Nongshim RedForce,ZETA DIVISION,Split,2,2,100.0
Nongshim RedForce,TALON,Split,0,1,0.0
Nongshim RedForce,Paper Rex,Split,2,3,66.67
Nongshim RedForce,Team Vitality,Split,1,1,100.0
Nova Esports,TYLOO,Split,2,3,66.67
Nova Esports,Titan Esports Club,Split,0,1,0.0
Nova Esports,Trace Esports,Split,0,2,0.0
Nova Esports,Wolves Esports,Split,1,1,100.0
Nova Esports,Xi Lai Gaming,Split,0,1,0.0
ONSIDE GAMING,Team Secret,Split,1,1,100.0
PCIFIC Esports,Team Vitality,Split,0,1,0.0
PCIFIC Esports,ULF Esports,Split,0,1,0.0
Papara SuperMassive,Paper Rex,Split,1,1,100.0
Paper Rex,The Guard,Split,1,1,100.0
Paper Rex,ZETA DIVISION,Split,0,1,0.0
Paper Rex,Team Liquid,Split,0,1,0.0
Paper Rex,Sentinels,Split,1,1,100.0
Paper Rex,Rex Regum Qeon,Split,0,1,0.0
Paper Rex,T1,Split,1,2,50.0
Paper Rex,Team Secret,Split,1,1,100.0
Paper Rex,VARREL,Split,1,2,50.0
Peeky Blinders,VICTORY,Split,0,1,0.0
Rex Regum Qeon,ZETA DIVISION,Split,1,2,50.0
Rex Regum Qeon,VARREL,Split,1,1,100.0
Sentinels,Team Liquid,Split,0,1,0.0
Sentinels,Wolves Esports,Split,1,1,100.0
T1,ZETA DIVISION,Split,0,1,0.0
T1,Team Vitality,Split,1,1,100.0
T1,Team Liquid,Split,0,1,0.0
T1,VARREL,Split,0,1,0.0
TALON,ZETA DIVISION,Split,0,1,0.0
TYLOO,Titan Esports Club,Split,3,4,75.0
Team Deadshot,VICTORY,Split,0,1,0.0
Team Heretics,Team Vitality,Split,1,1,100.0
Team Liquid,Version1,Split,1,1,100.0
Team Liquid,XERXIA Esports,Split,1,1,100.0
Team Liquid,ZETA DIVISION,Split,0,1,0.0
Team Liquid,Team Vitality,Split,1,1,100.0
Team Liquid,ULF Esports,Split,0,1,0.0
Team Secret,ZETA DIVISION,Split,0,1,0.0
Team Secret,VARREL,Split,0,1,0.0
Titan Esports Club,Trace Esports,Split,0,1,0.0
Trace Esports,Xi Lai Gaming,Split,0,1,0.0
Trace Esports,Wolves Esports,Split,1,1,100.0
Wolves Esports,Xi Lai Gaming,Split,0,2,0.0
Xipto Esports,ZETA DIVISION,Split,1,1,100.0
100 Thieves,LOUD,Summit,1,1,100.0
100 Thieves,LEVIATÁN,Summit,1,1,100.0
A Team,Wolves Esports,Summit,0,1,0.0
All Gamers,Trace Esports,Summit,1,1,100.0
All Gamers,JD Gaming,Summit,1,1,100.0
All Gamers,Titan Esports Club,Summit,0,1,0.0
BBL Esports,FUT Esports,Summit,1,1,100.0
BBL Esports,Fire Flux Esports,Summit,0,1,0.0
BESTIA,KRÜ Esports,Summit,0,1,0.0
Bilibili Gaming,TYLOO,Summit,0,1,0.0
Cloud9,LOUD,Summit,0,1,0.0
DetonatioN FocusMe,Paper Rex,Summit,0,1,0.0
Dragon Ranger Gaming,Trace Esports,Summit,0,1,0.0
EDward Gaming,JD Gaming,Summit,0,1,0.0
ENVY,LEVIATÁN,Summit,0,1,0.0
ENVY,Sentinels,Summit,1,1,100.0
Eintracht Frankfurt,GIANTX,Summit,0,1,0.0
Enterprise Esports,Gentle Mates,Summit,1,1,100.0
Enterprise Esports,Team Vitality,Summit,0,1,0.0
Eternal Fire,FNATIC,Summit,1,1,100.0
Evil Geniuses,FURIA,Summit,1,1,100.0
Evil Geniuses,KRÜ Esports,Summit,1,1,100.0
FNATIC,Team Liquid,Summit,0,1,0.0
FNATIC,Team Heretics,Summit,0,1,0.0
FULL SENSE,Global Esports,Summit,0,1,0.0
FULL SENSE,Rex Regum Qeon,Summit,0,2,0.0
FULL SENSE,QT DIG∞,Summit,1,1,100.0
FURIA,NRG,Summit,0,1,0.0
FURIA,LOUD,Summit,0,1,0.0
FUT Esports,Team Liquid,Summit,1,1,100.0
Fire Flux Esports,PCIFIC Esports,Summit,1,1,100.0
Fire Flux Esports,Team Heretics,Summit,0,1,0.0
FunPlus Phoenix,JDG Esports,Summit,1,1,100.0
Gen.G,Rex Regum Qeon,Summit,1,1,100.0
Gen.G,Global Esports,Summit,1,1,100.0
Global Esports,VARREL,Summit,1,1,100.0
JD Gaming,Nova Esports,Summit,1,1,100.0
JD Gaming,TYLOO,Summit,0,1,0.0
KRÜ Esports,Sentinels,Summit,0,1,0.0
Karmine Corp,Team Liquid,Summit,0,1,0.0
KeepBest Gaming,Titan Esports Club,Summit,0,1,0.0
Kiwoom DRX,Paper Rex,Summit,0,1,0.0
Kiwoom DRX,VARREL,Summit,1,1,100.0
LEVIATÁN,NRG,Summit,0,1,0.0
Natus Vincere,PCIFIC Esports,Summit,1,1,100.0
Natus Vincere,Team Heretics,Summit,0,1,0.0
Nongshim RedForce,Team Secret,Summit,1,1,100.0
Nova Esports,TYLOO,Summit,1,1,100.0
Nova Esports,Titan Esports Club,Summit,1,1,100.0
Paper Rex,Team Secret,Summit,1,1,100.0
Team Secret,Xipto Esports,Summit,1,1,100.0
100 Thieves,NRG,Sunset,2,2,100.0
100 Thieves,LOUD,Sunset,0,1,0.0
100 Thieves,LEVIATÁN,Sunset,0,1,0.0
100 Thieves,G2 Esports,Sunset,0,2,0.0
100 Thieves,Nongshim RedForce,Sunset,1,1,100.0
100 Thieves,Sentinels,Sunset,0,1,0.0
2Game Esports,Evil Geniuses,Sunset,1,1,100.0
2Game Esports,FURIA,Sunset,1,2,50.0
2Game Esports,Sentinels,Sunset,1,1,100.0
A Team,Trace Esports,Sunset,0,1,0.0
All Gamers,Xi Lai Gaming,Sunset,1,2,50.0
All Gamers,Dragon Ranger Gaming,Sunset,0,1,0.0
All Gamers,FunPlus Phoenix,Sunset,1,1,100.0
All Gamers,Bilibili Gaming,Sunset,0,1,0.0
All Gamers,Global Esports,Sunset,1,1,100.0
All Gamers,EDward Gaming,Sunset,0,1,0.0
All Gamers,Trace Esports,Sunset,0,1,0.0
All Gamers,JD Gaming,Sunset,1,1,100.0
All Gamers,Titan Esports Club,Sunset,1,1,100.0
All Gamers,TYLOO,Sunset,0,1,0.0
Apeks,Natus Vincere,Sunset,1,1,100.0
Apeks,Karmine Corp,Sunset,1,1,100.0
BBL Esports,Team Heretics,Sunset,1,2,50.0
BBL Esports,Gentle Mates,Sunset,2,2,100.0
BBL Esports,FUT Esports,Sunset,1,2,50.0
BBL Esports,Team Liquid,Sunset,1,1,100.0
BBL Esports,GIANTX,Sunset,0,1,0.0
BBL Esports,EDward Gaming,Sunset,1,1,100.0
BBL Esports,Natus Vincere,Sunset,1,1,100.0
BBL Esports,PCIFIC Esports,Sunset,1,1,100.0
BESTIA,KRÜ Esports,Sunset,0,1,0.0
Bilibili Gaming,Rex Regum Qeon,Sunset,1,1,100.0
Bilibili Gaming,JDG Esports,Sunset,1,1,100.0
Bilibili Gaming,EDward Gaming,Sunset,1,1,100.0
Bilibili Gaming,Dragon Ranger Gaming,Sunset,0,2,0.0
Bilibili Gaming,Team Liquid,Sunset,1,1,100.0
Bilibili Gaming,Sentinels,Sunset,0,1,0.0
Bilibili Gaming,Trace Esports,Sunset,1,1,100.0
Bilibili Gaming,TYLOO,Sunset,0,1,0.0
Cloud9,G2 Esports,Sunset,0,1,0.0
Cloud9,LOUD,Sunset,0,1,0.0
Cloud9,Evil Geniuses,Sunset,0,1,0.0
DRX,Sentinels,Sunset,0,1,0.0
DRX,Team Heretics,Sunset,0,1,0.0
DRX,MIBR,Sunset,0,1,0.0
DRX,FNATIC,Sunset,1,1,100.0
DetonatioN FocusMe,TALON,Sunset,1,1,100.0
DetonatioN FocusMe,T1,Sunset,1,2,50.0
DetonatioN FocusMe,Kiwoom DRX,Sunset,0,1,0.0
DetonatioN FocusMe,Sharper Esports,Sunset,1,1,100.0
Dragon Ranger Gaming,T1,Sunset,0,1,0.0
Dragon Ranger Gaming,FunPlus Phoenix,Sunset,0,1,0.0
Dragon Ranger Gaming,Xi Lai Gaming,Sunset,1,1,100.0
Dragon Ranger Gaming,Titan Esports Club,Sunset,1,1,100.0
Dragon Ranger Gaming,Wolves Esports,Sunset,0,1,0.0
Dragon Ranger Gaming,Trace Esports,Sunset,1,1,100.0
EDward Gaming,Paper Rex,Sunset,1,1,100.0
EDward Gaming,Trace Esports,Sunset,2,3,66.67
EDward Gaming,Sentinels,Sunset,1,1,100.0
EDward Gaming,Team Heretics,Sunset,1,1,100.0
EDward Gaming,Team Liquid,Sunset,1,1,100.0
EDward Gaming,Titan Esports Club,Sunset,2,2,100.0
EDward Gaming,TYLOO,Sunset,0,1,0.0
EDward Gaming,Nova Esports,Sunset,0,1,0.0
EDward Gaming,Wolves Esports,Sunset,1,1,100.0
ENVY,MIBR,Sunset,1,2,50.0
ENVY,FURIA,Sunset,1,1,100.0
Eternal Fire,Karmine Corp,Sunset,0,1,0.0
Evil Geniuses,LEVIATÁN,Sunset,0,1,0.0
Evil Geniuses,FURIA,Sunset,1,1,100.0
Evil Geniuses,KRÜ Esports,Sunset,1,1,100.0
FNATIC,KRÜ Esports,Sunset,0,1,0.0
FNATIC,Sentinels,Sunset,0,2,0.0
FNATIC,NRG,Sunset,0,1,0.0
FNATIC,GIANTX,Sunset,2,3,66.67
FNATIC,Gen.G,Sunset,0,1,0.0
FNATIC,Paper Rex,Sunset,0,1,0.0
FULL SENSE,ZETA DIVISION,Sunset,0,1,0.0
FULL SENSE,Rex Regum Qeon,Sunset,1,2,50.0
FULL SENSE,Gen.G,Sunset,1,1,100.0
FULL SENSE,ONSIDE GAMING,Sunset,0,1,0.0
FURIA,Sentinels,Sunset,0,1,0.0
FURIA,LEVIATÁN,Sunset,1,1,100.0
FUT Esports,Paper Rex,Sunset,0,1,0.0
FUT Esports,Gentle Mates,Sunset,2,2,100.0
FUT Esports,GIANTX,Sunset,1,2,50.0
Fire Flux Esports,Team Heretics,Sunset,1,1,100.0
FunPlus Phoenix,Wolves Esports,Sunset,2,2,100.0
FunPlus Phoenix,Xi Lai Gaming,Sunset,0,1,0.0
FunPlus Phoenix,Trace Esports,Sunset,1,1,100.0
FunPlus Phoenix,Nova Esports,Sunset,0,1,0.0
FunPlus Phoenix,JDG Esports,Sunset,0,1,0.0
FunPlus Phoenix,KeepBest Gaming,Sunset,1,1,100.0
G2 Esports,NRG,Sunset,1,1,100.0
G2 Esports,Sentinels,Sunset,1,1,100.0
G2 Esports,Nongshim RedForce,Sunset,1,1,100.0
G2 Esports,LOUD,Sunset,0,1,0.0
G2 Esports,M80,Sunset,1,1,100.0
GIANTX,Sentinels,Sunset,1,1,100.0
GIANTX,Paper Rex,Sunset,0,1,0.0
GIANTX,Team Vitality,Sunset,1,1,100.0
GIANTX,Team Liquid,Sunset,0,2,0.0
GIANTX,Natus Vincere,Sunset,1,1,100.0
Gen.G,Rex Regum Qeon,Sunset,1,3,33.33
Gen.G,MIBR,Sunset,1,1,100.0
Gen.G,Wolves Esports,Sunset,0,1,0.0
Gen.G,ZETA DIVISION,Sunset,1,1,100.0
Gen.G,Global Esports,Sunset,1,1,100.0
Gentle Mates,PCIFIC Esports,Sunset,1,1,100.0
Gentle Mates,Natus Vincere,Sunset,1,1,100.0
Global Esports,Rex Regum Qeon,Sunset,1,1,100.0
Global Esports,Nongshim RedForce,Sunset,0,1,0.0
JD Gaming,Trace Esports,Sunset,0,1,0.0
JDG Esports,Titan Esports Club,Sunset,1,1,100.0
JDG Esports,TYLOO,Sunset,0,1,0.0
KOI,Karmine Corp,Sunset,0,1,0.0
KRÜ Esports,NRG,Sunset,1,1,100.0
KRÜ Esports,LEVIATÁN,Sunset,1,1,100.0
KRÜ Esports,LOUD,Sunset,0,1,0.0
KRÜ Esports,Sentinels,Sunset,1,1,100.0
KRÜ Esports,MIBR,Sunset,0,1,0.0
Karmine Corp,Natus Vincere,Sunset,0,1,0.0
Karmine Corp,Team Liquid,Sunset,1,1,100.0
Karmine Corp,Paper Rex,Sunset,0,1,0.0
Karmine Corp,Team Heretics,Sunset,1,1,100.0
KeepBest Gaming,Titan Esports Club,Sunset,1,1,100.0
Kiwoom DRX,Team Secret,Sunset,0,1,0.0
Kiwoom DRX,VARREL,Sunset,0,1,0.0
Kiwoom DRX,ONSIDE GAMING,Sunset,1,1,100.0
Kiwoom DRX,ZETA DIVISION,Sunset,0,1,0.0
Kiwoom DRX,Sharper Esports,Sunset,1,1,100.0
LEVIATÁN,Trace Esports,Sunset,1,1,100.0
LEVIATÁN,Team Vitality,Sunset,1,1,100.0
LEVIATÁN,Team Heretics,Sunset,0,1,0.0
LEVIATÁN,MIBR,Sunset,2,2,100.0
LEVIATÁN,NRG,Sunset,1,1,100.0
LOUD,MIBR,Sunset,0,1,0.0
MIBR,Team Heretics,Sunset,1,1,100.0
MIBR,Team Liquid,Sunset,0,1,0.0
MIBR,NRG,Sunset,1,1,100.0
NRG,Sentinels,Sunset,0,1,0.0
Natus Vincere,Team Liquid,Sunset,0,1,0.0
Natus Vincere,Team Vitality,Sunset,1,1,100.0
Natus Vincere,Team Heretics,Sunset,0,1,0.0
Nongshim RedForce,Team Secret,Sunset,0,1,0.0
Nongshim RedForce,ZETA DIVISION,Sunset,0,1,0.0
Nongshim RedForce,Rex Regum Qeon,Sunset,1,1,100.0
Nova Esports,Xi Lai Gaming,Sunset,0,1,0.0
Nova Esports,Trace Esports,Sunset,0,1,0.0
Nova Esports,Titan Esports Club,Sunset,1,1,100.0
PCIFIC Esports,Team Vitality,Sunset,0,1,0.0
Paper Rex,Xi Lai Gaming,Sunset,1,1,100.0
Paper Rex,ZETA DIVISION,Sunset,0,1,0.0
Paper Rex,T1,Sunset,1,2,50.0
Paper Rex,Team Liquid,Sunset,1,1,100.0
Paper Rex,Sentinels,Sunset,1,1,100.0
Paper Rex,VARREL,Sunset,0,2,0.0
Rex Regum Qeon,Team Secret,Sunset,1,1,100.0
Rex Regum Qeon,T1,Sunset,0,2,0.0
Rex Regum Qeon,TALON,Sunset,1,1,100.0
Rex Regum Qeon,Sharper Esports,Sunset,1,1,100.0
Sentinels,Xi Lai Gaming,Sunset,1,1,100.0
T1,Team Heretics,Sunset,0,1,0.0
T1,ZETA DIVISION,Sunset,1,1,100.0
TALON,Team Vitality,Sunset,0,1,0.0
TYLOO,Trace Esports,Sunset,1,1,100.0
TYLOO,Titan Esports Club,Sunset,1,1,100.0
Team Secret,Xipto Esports,Sunset,1,1,100.0
Team Vitality,Trace Esports,Sunset,1,1,100.0
Titan Esports Club,Trace Esports,Sunset,1,2,50.0
Titan Esports Club,Wolves Esports,Sunset,0,1,0.0
Xipto Esports,ZETA DIVISION,Sunset,0,1,0.0
