Tournament,Stage,Match Type,Map,Team A,Team B,Team A Score,Team B Score
VCT 2026: Pacific Stage 2,Group Stage,Week 1,Ascent,Gen.G,ZETA DIVISION,13,7
VCT 2026: Pacific Stage 2,Group Stage,Week 1,Sunset,Gen.G,ZETA DIVISION,16,14
VCT 2026: Pacific Stage 2,Group Stage,Week 1,Split,Team Secret,VARREL,6,13
VCT 2026: Pacific Stage 2,Group Stage,Week 1,Haven,Team Secret,VARREL,13,9
VCT 2026: Pacific Stage 2,Group Stage,Week 1,Haven,FULL SENSE,Nongshim RedForce,3,13
VCT 2026: Pacific Stage 2,Group Stage,Week 1,Split,FULL SENSE,Nongshim RedForce,13,11
VCT 2026: Pacific Stage 2,Group Stage,Week 1,Ascent,FULL SENSE,Nongshim RedForce,13,8
VCT 2026: Pacific Stage 2,Group Stage,Week 1,Split,Kiwoom DRX,DetonatioN FocusMe,11,13
VCT 2026: Pacific Stage 2,Group Stage,Week 1,Sunset,Kiwoom DRX,DetonatioN FocusMe,13,6
VCT 2026: Pacific Stage 2,Group Stage,Week 1,Sunset,Rex Regum Qeon,Global Esports,9,13
VCT 2026: Pacific Stage 2,Group Stage,Week 1,Sunset,Paper Rex,T1,12,14
VCT 2026: Pacific Stage 2,Group Stage,Week 1,Ascent,Paper Rex,T1,13,11
VCT 2026: Pacific Stage 2,Group Stage,Week 1,Breeze,Paper Rex,T1,15,17
VCT 2026: Pacific Stage 2,Group Stage,Week 1,Split,Nongshim RedForce,Gen.G,11,13
VCT 2026: Pacific Stage 2,Group Stage,Week 1,Ascent,Nongshim RedForce,Gen.G,13,7
VCT 2026: Pacific Stage 2,Group Stage,Week 1,Haven,Nongshim RedForce,Gen.G,4,13
VCT 2026: Pacific Stage 2,Group Stage,Week 1,Sunset,Kiwoom DRX,Team Secret,4,13
VCT 2026: Pacific Stage 2,Group Stage,Week 1,Haven,Kiwoom DRX,Team Secret,7,13
VCT 2026: China Stage 2,Group Stage,Week 1,Sunset,Wolves Esports,Titan Esports Club,13,5
VCT 2026: China Stage 2,Group Stage,Week 1,Haven,Wolves Esports,Titan Esports Club,13,10
VCT 2026: China Stage 2,Group Stage,Week 1,Haven,Dragon Ranger Gaming,Bilibili Gaming,15,13
VCT 2026: China Stage 2,Group Stage,Week 1,Lotus,Dragon Ranger Gaming,Bilibili Gaming,13,7
VCT 2026: China Stage 2,Group Stage,Week 1,Sunset,FunPlus Phoenix,Trace Esports,13,3
VCT 2026: China Stage 2,Group Stage,Week 1,Split,JDG Esports,TYLOO,8,13
VCT 2026: China Stage 2,Group Stage,Week 1,Sunset,JDG Esports,TYLOO,7,13
VCT 2026: China Stage 2,Group Stage,Week 1,Breeze,Dragon Ranger Gaming,Titan Esports Club,16,14
VCT 2026: China Stage 2,Group Stage,Week 1,Haven,Dragon Ranger Gaming,Titan Esports Club,11,13
VCT 2026: China Stage 2,Group Stage,Week 1,Sunset,Dragon Ranger Gaming,Titan Esports Club,13,4
VCT 2026: China Stage 2,Group Stage,Week 1,Split,Bilibili Gaming,Wolves Esports,4,13
VCT 2026: China Stage 2,Group Stage,Week 1,Lotus,Bilibili Gaming,Wolves Esports,13,5
VCT 2026: China Stage 2,Group Stage,Week 1,Sunset,Nova Esports,FunPlus Phoenix,13,7
VCT 2026: China Stage 2,Group Stage,Week 1,Lotus,Nova Esports,FunPlus Phoenix,13,8
VCT 2026: China Stage 2,Group Stage,Week 1,Breeze,TYLOO,Trace Esports,13,3
VCT 2026: China Stage 2,Group Stage,Week 1,Sunset,TYLOO,Trace Esports,13,5
VCT 2026: China Stage 2,Group Stage,Week 2,Lotus,Wolves Esports,All Gamers,11,13
VCT 2026: China Stage 2,Group Stage,Week 2,Ascent,Wolves Esports,All Gamers,4,13
VCT 2026: China Stage 2,Group Stage,Week 2,Ascent,Xi Lai Gaming,Titan Esports Club,13,7
VCT 2026: China Stage 2,Group Stage,Week 2,Breeze,Xi Lai Gaming,Titan Esports Club,10,13
VCT 2026: China Stage 2,Group Stage,Week 2,Breeze,JDG Esports,FunPlus Phoenix,8,13
VCT 2026: China Stage 2,Group Stage,Week 2,Ascent,JDG Esports,FunPlus Phoenix,9,13
VCT 2026: China Stage 2,Group Stage,Week 2,Sunset,EDward Gaming,TYLOO,8,13
VCT 2026: China Stage 2,Group Stage,Week 2,Breeze,EDward Gaming,TYLOO,13,7
VCT 2026: China Stage 2,Group Stage,Week 2,Lotus,EDward Gaming,TYLOO,3,13
VCT 2026: China Stage 2,Group Stage,Week 2,Haven,All Gamers,Bilibili Gaming,13,10
VCT 2026: China Stage 2,Group Stage,Week 2,Sunset,All Gamers,Bilibili Gaming,9,13
VCT 2026: China Stage 2,Group Stage,Week 2,Lotus,Xi Lai Gaming,Dragon Ranger Gaming,13,7
VCT 2026: China Stage 2,Group Stage,Week 2,Haven,Xi Lai Gaming,Dragon Ranger Gaming,13,9
VCT 2026: China Stage 2,Group Stage,Week 2,Split,Nova Esports,JDG Esports,13,4
VCT 2026: China Stage 2,Group Stage,Week 2,Lotus,Nova Esports,JDG Esports,8,13
VCT 2026: China Stage 2,Group Stage,Week 2,Breeze,Nova Esports,JDG Esports,13,9
VCT 2026: China Stage 2,Group Stage,Week 2,Ascent,TYLOO,FunPlus Phoenix,7,13
VCT 2026: China Stage 2,Group Stage,Week 2,Lotus,TYLOO,FunPlus Phoenix,13,11
VCT 2026: China Stage 2,Group Stage,Week 2,Split,TYLOO,FunPlus Phoenix,13,10
VCT 2026: China Stage 2,Group Stage,Week 2,Breeze,Trace Esports,EDward Gaming,3,13
VCT 2026: China Stage 2,Group Stage,Week 2,Ascent,Trace Esports,EDward Gaming,11,13
VCT 2026: China Stage 2,Group Stage,Week 2,Split,Titan Esports Club,Bilibili Gaming,13,9
VCT 2026: China Stage 2,Group Stage,Week 2,Haven,Titan Esports Club,Bilibili Gaming,6,13
VCT 2026: China Stage 2,Group Stage,Week 2,Haven,All Gamers,Xi Lai Gaming,10,13
VCT 2026: China Stage 2,Group Stage,Week 2,Ascent,Trace Esports,Nova Esports,7,13
VCT 2026: China Stage 2,Group Stage,Week 2,Sunset,Trace Esports,Nova Esports,13,7
VCT 2026: China Stage 2,Group Stage,Week 2,Breeze,Trace Esports,Nova Esports,13,15
VCT 2026: China Stage 2,Group Stage,Week 2,Sunset,Dragon Ranger Gaming,Wolves Esports,9,13
VCT 2026: China Stage 2,Group Stage,Week 2,Haven,Dragon Ranger Gaming,Wolves Esports,13,9
VCT 2026: China Stage 2,Group Stage,Week 2,Lotus,Dragon Ranger Gaming,Wolves Esports,8,13
VCT 2026: China Stage 2,Group Stage,Week 2,Breeze,EDward Gaming,JDG Esports,13,10
VCT 2026: China Stage 2,Group Stage,Week 2,Haven,EDward Gaming,JDG Esports,13,7
VCT 2026: China Stage 2,Group Stage,Week 3,Split,Titan Esports Club,All Gamers,10,13
VCT 2026: China Stage 2,Group Stage,Week 3,Lotus,Bilibili Gaming,Xi Lai Gaming,13,2
VCT 2026: China Stage 2,Group Stage,Week 3,Ascent,Bilibili Gaming,Xi Lai Gaming,13,11
VCT 2026: China Stage 2,Group Stage,Week 3,Ascent,JDG Esports,Trace Esports,13,8
VCT 2026: China Stage 2,Group Stage,Week 3,Lotus,JDG Esports,Trace Esports,13,10
VCT 2026: China Stage 2,Group Stage,Week 3,Sunset,EDward Gaming,Nova Esports,13,15
VCT 2026: China Stage 2,Group Stage,Week 3,Lotus,EDward Gaming,Nova Esports,10,13
VCT 2026: China Stage 2,Group Stage,Week 3,Lotus,Xi Lai Gaming,Wolves Esports,3,13
VCT 2026: China Stage 2,Group Stage,Week 3,Split,Xi Lai Gaming,Wolves Esports,13,3
VCT 2026: China Stage 2,Group Stage,Week 3,Split,All Gamers,Dragon Ranger Gaming,2,13
VCT 2026: China Stage 2,Group Stage,Week 3,Haven,All Gamers,Dragon Ranger Gaming,13,7
VCT 2026: China Stage 2,Group Stage,Week 3,Lotus,All Gamers,Dragon Ranger Gaming,14,12
VCT 2026: Americas Stage 2,Group Stage,Week 1,Haven,LEVIATÁN,FURIA,13,8
VCT 2026: Americas Stage 2,Group Stage,Week 1,Sunset,LEVIATÁN,FURIA,1,13
VCT 2026: Americas Stage 2,Group Stage,Week 1,Split,LEVIATÁN,FURIA,13,8
VCT 2026: Americas Stage 2,Group Stage,Week 1,Haven,Sentinels,Cloud9,11,13
VCT 2026: Americas Stage 2,Group Stage,Week 1,Lotus,Sentinels,Cloud9,16,14
VCT 2026: Americas Stage 2,Group Stage,Week 1,Ascent,ENVY,Evil Geniuses,4,13
VCT 2026: Americas Stage 2,Group Stage,Week 1,Breeze,ENVY,Evil Geniuses,9,13
VCT 2026: Americas Stage 2,Group Stage,Week 1,Lotus,KRÜ Esports,LOUD,13,9
VCT 2026: Americas Stage 2,Group Stage,Week 1,Breeze,KRÜ Esports,LOUD,15,17
VCT 2026: Americas Stage 2,Group Stage,Week 1,Sunset,KRÜ Esports,LOUD,3,13
VCT 2026: Americas Stage 2,Group Stage,Week 1,Breeze,G2 Esports,100 Thieves,4,13
VCT 2026: Americas Stage 2,Group Stage,Week 1,Sunset,G2 Esports,100 Thieves,16,14
VCT 2026: Americas Stage 2,Group Stage,Week 1,Haven,G2 Esports,100 Thieves,10,13
VCT 2026: Americas Stage 2,Group Stage,Week 1,Sunset,NRG,MIBR,9,13
VCT 2026: Americas Stage 2,Group Stage,Week 1,Breeze,NRG,MIBR,13,11
Esports World Cup 2026,Group Stage,Opening (A),Breeze,Rex Regum Qeon,100 Thieves,5,13
Esports World Cup 2026,Group Stage,Opening (A),Ascent,Rex Regum Qeon,100 Thieves,10,13
Esports World Cup 2026,Group Stage,Opening (A),Lotus,BBL Esports,EDward Gaming,16,18
Esports World Cup 2026,Group Stage,Opening (A),Ascent,BBL Esports,EDward Gaming,13,7
Esports World Cup 2026,Group Stage,Opening (A),Sunset,BBL Esports,EDward Gaming,13,3
Esports World Cup 2026,Group Stage,Winner's (A),Lotus,100 Thieves,BBL Esports,14,12
Esports World Cup 2026,Group Stage,Winner's (A),Split,100 Thieves,BBL Esports,3,13
Esports World Cup 2026,Group Stage,Winner's (A),Haven,100 Thieves,BBL Esports,13,9
Esports World Cup 2026,Group Stage,Elimination (A),Ascent,Rex Regum Qeon,EDward Gaming,5,13
Esports World Cup 2026,Group Stage,Elimination (A),Breeze,Rex Regum Qeon,EDward Gaming,11,13
Esports World Cup 2026,Group Stage,Decider (A),Lotus,BBL Esports,EDward Gaming,13,4
Esports World Cup 2026,Group Stage,Decider (A),Breeze,BBL Esports,EDward Gaming,13,5
Esports World Cup 2026,Group Stage,Opening (B),Haven,Team Vitality,Karmine Corp,13,8
Esports World Cup 2026,Group Stage,Opening (B),Lotus,Team Vitality,Karmine Corp,13,9
Esports World Cup 2026,Group Stage,Opening (B),Fracture,NRG,Paper Rex,9,13
Esports World Cup 2026,Group Stage,Opening (B),Lotus,NRG,Paper Rex,13,5
Esports World Cup 2026,Group Stage,Opening (B),Breeze,NRG,Paper Rex,13,10
Esports World Cup 2026,Group Stage,Winner's (B),Ascent,Team Vitality,NRG,16,14
Esports World Cup 2026,Group Stage,Winner's (B),Lotus,Team Vitality,NRG,8,13
Esports World Cup 2026,Group Stage,Winner's (B),Breeze,Team Vitality,NRG,13,10
Esports World Cup 2026,Group Stage,Elimination (B),Sunset,Karmine Corp,Paper Rex,11,13
Esports World Cup 2026,Group Stage,Elimination (B),Fracture,Karmine Corp,Paper Rex,13,9
Esports World Cup 2026,Group Stage,Elimination (B),Lotus,Karmine Corp,Paper Rex,13,7
Esports World Cup 2026,Group Stage,Decider (B),Breeze,NRG,Karmine Corp,13,6
Esports World Cup 2026,Group Stage,Decider (B),Fracture,NRG,Karmine Corp,7,13
Esports World Cup 2026,Group Stage,Decider (B),Haven,NRG,Karmine Corp,13,7
Esports World Cup 2026,Group Stage,Opening (C),Breeze,Gentle Mates,Xi Lai Gaming,7,13
Esports World Cup 2026,Group Stage,Opening (C),Haven,Gentle Mates,Xi Lai Gaming,13,8
Esports World Cup 2026,Group Stage,Opening (C),Lotus,Gentle Mates,Xi Lai Gaming,13,1
Esports World Cup 2026,Group Stage,Opening (C),Breeze,Nongshim RedForce,G2 Esports,13,5
Esports World Cup 2026,Group Stage,Opening (C),Sunset,Nongshim RedForce,G2 Esports,7,13
Esports World Cup 2026,Group Stage,Opening (C),Split,Nongshim RedForce,G2 Esports,13,6
Esports World Cup 2026,Group Stage,Winner's (C),Lotus,Gentle Mates,Nongshim RedForce,15,17
Esports World Cup 2026,Group Stage,Winner's (C),Haven,Gentle Mates,Nongshim RedForce,13,10
Esports World Cup 2026,Group Stage,Winner's (C),Ascent,Gentle Mates,Nongshim RedForce,13,3
Esports World Cup 2026,Group Stage,Elimination (C),Lotus,Xi Lai Gaming,G2 Esports,7,13
Esports World Cup 2026,Group Stage,Elimination (C),Breeze,Xi Lai Gaming,G2 Esports,9,13
Esports World Cup 2026,Group Stage,Opening (D),Lotus,MIBR,Global Esports,13,2
Esports World Cup 2026,Group Stage,Opening (D),Haven,MIBR,Global Esports,13,3
Esports World Cup 2026,Group Stage,Opening (D),Haven,All Gamers,Team Heretics,11,13
Esports World Cup 2026,Group Stage,Opening (D),Ascent,All Gamers,Team Heretics,13,8
Esports World Cup 2026,Group Stage,Opening (D),Lotus,All Gamers,Team Heretics,7,13
Esports World Cup 2026,Group Stage,Winner's (D),Lotus,MIBR,Team Heretics,14,16
Esports World Cup 2026,Group Stage,Winner's (D),Ascent,MIBR,Team Heretics,2,13
Esports World Cup 2026,Group Stage,Elimination (D),Sunset,Global Esports,All Gamers,12,14
Esports World Cup 2026,Group Stage,Elimination (D),Split,Global Esports,All Gamers,10,13
Esports World Cup 2026,Group Stage,Decider (D),Lotus,MIBR,All Gamers,13,15
Esports World Cup 2026,Group Stage,Decider (D),Split,MIBR,All Gamers,13,6
Esports World Cup 2026,Group Stage,Decider (D),Ascent,MIBR,All Gamers,13,4
Esports World Cup 2026,Playoffs,Quarterfinals,Fracture,100 Thieves,MIBR,13,2
Esports World Cup 2026,Playoffs,Quarterfinals,Breeze,100 Thieves,MIBR,10,13
Esports World Cup 2026,Playoffs,Quarterfinals,Haven,100 Thieves,MIBR,13,5
Esports World Cup 2026,Playoffs,Quarterfinals,Ascent,Team Vitality,Nongshim RedForce,13,10
Esports World Cup 2026,Playoffs,Quarterfinals,Split,Team Vitality,Nongshim RedForce,7,13
Esports World Cup 2026,Playoffs,Quarterfinals,Breeze,Team Vitality,Nongshim RedForce,2,13
Esports World Cup 2026,Playoffs,Quarterfinals,Breeze,Team Heretics,BBL Esports,16,14
Esports World Cup 2026,Playoffs,Quarterfinals,Lotus,Team Heretics,BBL Esports,2,13
Esports World Cup 2026,Playoffs,Quarterfinals,Sunset,Team Heretics,BBL Esports,10,13
Esports World Cup 2026,Playoffs,Quarterfinals,Haven,Gentle Mates,NRG,13,10
Esports World Cup 2026,Playoffs,Quarterfinals,Ascent,Gentle Mates,NRG,9,13
Esports World Cup 2026,Playoffs,Quarterfinals,Lotus,Gentle Mates,NRG,10,13
Esports World Cup 2026,Playoffs,Semifinals,Sunset,100 Thieves,Nongshim RedForce,13,6
Esports World Cup 2026,Playoffs,Semifinals,Lotus,100 Thieves,Nongshim RedForce,7,13
Esports World Cup 2026,Playoffs,Semifinals,Haven,100 Thieves,Nongshim RedForce,13,11
Esports World Cup 2026,Playoffs,Semifinals,Haven,BBL Esports,NRG,13,4
Esports World Cup 2026,Playoffs,Semifinals,Breeze,BBL Esports,NRG,12,14
Esports World Cup 2026,Playoffs,Semifinals,Lotus,BBL Esports,NRG,6,13
Esports World Cup 2026,Playoffs,Grand Final,Breeze,100 Thieves,NRG,13,7
Esports World Cup 2026,Playoffs,Grand Final,Sunset,100 Thieves,NRG,13,6
Esports World Cup 2026,Playoffs,Grand Final,Haven,100 Thieves,NRG,2,13
Esports World Cup 2026,Playoffs,Grand Final,Ascent,100 Thieves,NRG,14,12
Esports World Cup 2026,Playoffs,Consolation Final,Breeze,Nongshim RedForce,BBL Esports,13,10
Esports World Cup 2026,Playoffs,Consolation Final,Lotus,Nongshim RedForce,BBL Esports,13,11
VCT 2026: EMEA Stage 2,Group Stage,Week 1,Split,FUT Esports,Natus Vincere,6,13
VCT 2026: EMEA Stage 2,Group Stage,Week 1,Ascent,FUT Esports,Natus Vincere,9,13
VCT 2026: EMEA Stage 2,Group Stage,Week 1,Split,Team Liquid,Eternal Fire,6,13
VCT 2026: EMEA Stage 2,Group Stage,Week 1,Lotus,Team Liquid,Eternal Fire,2,13
VCT 2026: EMEA Stage 2,Group Stage,Week 1,Ascent,FNATIC,GIANTX,15,13
VCT 2026: EMEA Stage 2,Group Stage,Week 1,Sunset,FNATIC,GIANTX,13,9
VCT 2026: EMEA Stage 2,Group Stage,Week 1,Split,PCIFIC Esports,Gentle Mates,13,5
VCT 2026: EMEA Stage 2,Group Stage,Week 1,Sunset,PCIFIC Esports,Gentle Mates,5,13
VCT 2026: EMEA Stage 2,Group Stage,Week 1,Ascent,PCIFIC Esports,Gentle Mates,4,13
VCT 2026: EMEA Stage 2,Group Stage,Week 1,Sunset,Karmine Corp,Eternal Fire,13,6
VCT 2026: EMEA Stage 2,Group Stage,Week 1,Lotus,Karmine Corp,Eternal Fire,15,13
VCT 2026: EMEA Stage 2,Group Stage,Week 1,Sunset,Team Vitality,Natus Vincere,9,13
VCT 2026: EMEA Stage 2,Group Stage,Week 1,Breeze,Team Vitality,Natus Vincere,13,6
VCT 2026: EMEA Stage 2,Group Stage,Week 1,Split,Team Vitality,Natus Vincere,13,9
VCT 2026: EMEA Stage 2,Group Stage,Week 1,Sunset,Gentle Mates,FUT Esports,9,13
VCT 2026: EMEA Stage 2,Group Stage,Week 1,Haven,Gentle Mates,FUT Esports,12,14
VCT 2026: EMEA Stage 2,Group Stage,Week 1,Breeze,Team Heretics,Team Liquid,12,14
VCT 2026: EMEA Stage 2,Group Stage,Week 1,Ascent,Team Heretics,Team Liquid,10,13
VCT 2026: EMEA Stage 2,Group Stage,Week 1,Haven,GIANTX,Karmine Corp,8,13
VCT 2026: EMEA Stage 2,Group Stage,Week 1,Ascent,GIANTX,Karmine Corp,4,13
VCT 2026: EMEA Stage 2,Group Stage,Week 1,Haven,Team Vitality,BBL Esports,11,13
VCT 2026: EMEA Stage 2,Group Stage,Week 1,Split,Team Vitality,BBL Esports,11,13
VCT 2026: EMEA Stage 2,Group Stage,Week 2,Split,FUT Esports,PCIFIC Esports,13,10
VCT 2026: EMEA Stage 2,Group Stage,Week 2,Lotus,FUT Esports,PCIFIC Esports,12,14
VCT 2026: EMEA Stage 2,Group Stage,Week 2,Ascent,FUT Esports,PCIFIC Esports,13,1
VCT 2026: EMEA Stage 2,Group Stage,Week 2,Ascent,FNATIC,Karmine Corp,6,13
VCT 2026: EMEA Stage 2,Group Stage,Week 2,Split,FNATIC,Karmine Corp,17,15
VCT 2026: Pacific Stage 2,Group Stage,Week 2,Ascent,Global Esports,FULL SENSE,13,7
VCT 2026: Pacific Stage 2,Group Stage,Week 2,Summit,Global Esports,FULL SENSE,13,3
VCT 2026: Pacific Stage 2,Group Stage,Week 2,Split,T1,VARREL,12,14
VCT 2026: Pacific Stage 2,Group Stage,Week 2,Haven,T1,VARREL,10,13
VCT 2026: Pacific Stage 2,Group Stage,Week 2,Haven,Rex Regum Qeon,ZETA DIVISION,9,13
VCT 2026: Pacific Stage 2,Group Stage,Week 2,Breeze,Rex Regum Qeon,ZETA DIVISION,5,13
VCT 2026: Pacific Stage 2,Group Stage,Week 2,Summit,DetonatioN FocusMe,Paper Rex,10,13
VCT 2026: Pacific Stage 2,Group Stage,Week 2,Ascent,DetonatioN FocusMe,Paper Rex,15,17
VCT 2026: Pacific Stage 2,Group Stage,Week 2,Ascent,Nongshim RedForce,Global Esports,6,13
VCT 2026: Pacific Stage 2,Group Stage,Week 2,Sunset,Nongshim RedForce,Global Esports,13,7
VCT 2026: Pacific Stage 2,Group Stage,Week 2,Breeze,Nongshim RedForce,Global Esports,13,7
VCT 2026: Pacific Stage 2,Group Stage,Week 2,Ascent,Team Secret,T1,5,13
VCT 2026: Pacific Stage 2,Group Stage,Week 2,Haven,Team Secret,T1,5,13
VCT 2026: Pacific Stage 2,Group Stage,Week 2,Summit,Paper Rex,Kiwoom DRX,13,1
VCT 2026: Pacific Stage 2,Group Stage,Week 2,Breeze,Paper Rex,Kiwoom DRX,13,6
VCT 2026: Pacific Stage 2,Group Stage,Week 2,Haven,Gen.G,Rex Regum Qeon,7,13
VCT 2026: Pacific Stage 2,Group Stage,Week 2,Summit,Gen.G,Rex Regum Qeon,13,11
VCT 2026: Pacific Stage 2,Group Stage,Week 2,Sunset,Gen.G,Rex Regum Qeon,13,5
VCT 2026: Pacific Stage 2,Group Stage,Week 3,Lotus,VARREL,DetonatioN FocusMe,11,13
VCT 2026: Pacific Stage 2,Group Stage,Week 3,Haven,VARREL,DetonatioN FocusMe,13,15
VCT 2026: Pacific Stage 2,Group Stage,Week 3,Ascent,VARREL,DetonatioN FocusMe,13,3
VCT 2026: Pacific Stage 2,Group Stage,Week 3,Split,FULL SENSE,ZETA DIVISION,14,12
VCT 2026: Pacific Stage 2,Group Stage,Week 3,Sunset,FULL SENSE,ZETA DIVISION,10,13
VCT 2026: Pacific Stage 2,Group Stage,Week 3,Haven,FULL SENSE,ZETA DIVISION,11,13
VCT 2026: Pacific Stage 2,Group Stage,Week 3,Summit,Team Secret,Paper Rex,10,13
VCT 2026: Pacific Stage 2,Group Stage,Week 3,Ascent,Team Secret,Paper Rex,8,13
VCT 2026: Pacific Stage 2,Group Stage,Week 3,Breeze,Global Esports,Gen.G,13,8
VCT 2026: Pacific Stage 2,Group Stage,Week 3,Sunset,Global Esports,Gen.G,12,14
VCT 2026: Pacific Stage 2,Group Stage,Week 3,Summit,Global Esports,Gen.G,11,13
VCT 2026: Pacific Stage 2,Group Stage,Week 3,Sunset,T1,DetonatioN FocusMe,5,13
VCT 2026: Pacific Stage 2,Group Stage,Week 3,Haven,T1,DetonatioN FocusMe,13,11
VCT 2026: Pacific Stage 2,Group Stage,Week 3,Ascent,T1,DetonatioN FocusMe,5,13
VCT 2026: Pacific Stage 2,Group Stage,Week 3,Summit,FULL SENSE,Rex Regum Qeon,9,13
VCT 2026: Pacific Stage 2,Group Stage,Week 3,Ascent,FULL SENSE,Rex Regum Qeon,13,4
VCT 2026: Pacific Stage 2,Group Stage,Week 3,Sunset,FULL SENSE,Rex Regum Qeon,8,13
VCT 2026: Pacific Stage 2,Group Stage,Week 3,Summit,VARREL,Kiwoom DRX,6,13
VCT 2026: Pacific Stage 2,Group Stage,Week 3,Sunset,VARREL,Kiwoom DRX,13,8
VCT 2026: Pacific Stage 2,Group Stage,Week 3,Haven,VARREL,Kiwoom DRX,13,10
VCT 2026: Pacific Stage 2,Group Stage,Week 3,Sunset,ZETA DIVISION,Nongshim RedForce,13,10
VCT 2026: Pacific Stage 2,Group Stage,Week 3,Breeze,ZETA DIVISION,Nongshim RedForce,13,15
VCT 2026: Pacific Stage 2,Group Stage,Week 3,Haven,ZETA DIVISION,Nongshim RedForce,0,13
VCT 2026: Pacific Stage 2,Group Stage,Week 4,Breeze,Team Secret,DetonatioN FocusMe,6,13
VCT 2026: Pacific Stage 2,Group Stage,Week 4,Split,Team Secret,DetonatioN FocusMe,11,13
VCT 2026: Pacific Stage 2,Group Stage,Week 4,Lotus,Gen.G,FULL SENSE,13,8
VCT 2026: Pacific Stage 2,Group Stage,Week 4,Sunset,Gen.G,FULL SENSE,10,13
VCT 2026: Pacific Stage 2,Group Stage,Week 4,Split,Gen.G,FULL SENSE,13,11
VCT 2026: Pacific Stage 2,Group Stage,Week 4,Lotus,Kiwoom DRX,T1,9,13
VCT 2026: Pacific Stage 2,Group Stage,Week 4,Breeze,Kiwoom DRX,T1,5,13
VCT 2026: Pacific Stage 2,Group Stage,Week 4,Breeze,Global Esports,ZETA DIVISION,13,9
VCT 2026: Pacific Stage 2,Group Stage,Week 4,Split,Global Esports,ZETA DIVISION,14,12
VCT 2026: China Stage 2,Group Stage,Week 3,Split,TYLOO,Nova Esports,12,14
VCT 2026: China Stage 2,Group Stage,Week 3,Summit,TYLOO,Nova Esports,11,13
VCT 2026: China Stage 2,Group Stage,Week 3,Breeze,FunPlus Phoenix,EDward Gaming,13,9
VCT 2026: China Stage 2,Group Stage,Week 3,Ascent,FunPlus Phoenix,EDward Gaming,9,13
VCT 2026: China Stage 2,Group Stage,Week 3,Split,FunPlus Phoenix,EDward Gaming,5,13
VCT 2026: China Stage 2,Group Stage,Seeding,Breeze,Trace Esports,Titan Esports Club,13,9
VCT 2026: China Stage 2,Group Stage,Seeding,Sunset,Trace Esports,Titan Esports Club,14,12
VCT 2026: China Stage 2,Group Stage,Seeding,Sunset,EDward Gaming,All Gamers,13,8
VCT 2026: China Stage 2,Group Stage,Seeding,Haven,EDward Gaming,All Gamers,13,8
VCT 2026: China Stage 2,Group Stage,Seeding,Split,JDG Esports,Dragon Ranger Gaming,14,16
VCT 2026: China Stage 2,Group Stage,Seeding,Breeze,JDG Esports,Dragon Ranger Gaming,13,10
VCT 2026: China Stage 2,Group Stage,Seeding,Ascent,JDG Esports,Dragon Ranger Gaming,11,13
VCT 2026: China Stage 2,Group Stage,Seeding,Breeze,TYLOO,Xi Lai Gaming,8,13
VCT 2026: China Stage 2,Group Stage,Seeding,Lotus,TYLOO,Xi Lai Gaming,12,14
VCT 2026: China Stage 2,Group Stage,Seeding,Sunset,FunPlus Phoenix,Wolves Esports,13,10
VCT 2026: China Stage 2,Group Stage,Seeding,Lotus,FunPlus Phoenix,Wolves Esports,13,11
VCT 2026: China Stage 2,Group Stage,Seeding,Breeze,Nova Esports,Bilibili Gaming,13,8
VCT 2026: China Stage 2,Group Stage,Seeding,Ascent,Nova Esports,Bilibili Gaming,13,7
VCT 2026: Americas Stage 2,Group Stage,Week 2,Split,Evil Geniuses,LEVIATÁN,5,13
VCT 2026: Americas Stage 2,Group Stage,Week 2,Sunset,Evil Geniuses,LEVIATÁN,5,13
VCT 2026: Americas Stage 2,Group Stage,Week 2,Haven,ENVY,MIBR,4,13
VCT 2026: Americas Stage 2,Group Stage,Week 2,Sunset,ENVY,MIBR,3,13
VCT 2026: Americas Stage 2,Group Stage,Week 2,Breeze,FURIA,NRG,12,14
VCT 2026: Americas Stage 2,Group Stage,Week 2,Summit,FURIA,NRG,7,13
VCT 2026: Americas Stage 2,Group Stage,Week 2,Split,100 Thieves,KRÜ Esports,13,0
VCT 2026: Americas Stage 2,Group Stage,Week 2,Ascent,100 Thieves,KRÜ Esports,13,10
VCT 2026: Americas Stage 2,Group Stage,Week 2,Breeze,G2 Esports,Cloud9,13,1
VCT 2026: Americas Stage 2,Group Stage,Week 2,Sunset,G2 Esports,Cloud9,13,6
VCT 2026: Americas Stage 2,Group Stage,Week 2,Lotus,Sentinels,LOUD,13,6
VCT 2026: Americas Stage 2,Group Stage,Week 2,Breeze,Sentinels,LOUD,13,7
VCT 2026: Americas Stage 2,Group Stage,Week 2,Split,ENVY,LEVIATÁN,4,13
VCT 2026: Americas Stage 2,Group Stage,Week 2,Summit,ENVY,LEVIATÁN,8,13
VCT 2026: Americas Stage 2,Group Stage,Week 2,Haven,FURIA,MIBR,12,14
VCT 2026: Americas Stage 2,Group Stage,Week 2,Breeze,FURIA,MIBR,9,13
VCT 2026: Americas Stage 2,Group Stage,Week 3,Breeze,KRÜ Esports,G2 Esports,8,13
VCT 2026: Americas Stage 2,Group Stage,Week 3,Lotus,KRÜ Esports,G2 Esports,10,13
VCT 2026: Americas Stage 2,Group Stage,Week 3,Sunset,100 Thieves,Sentinels,13,15
VCT 2026: Americas Stage 2,Group Stage,Week 3,Ascent,100 Thieves,Sentinels,13,8
VCT 2026: Americas Stage 2,Group Stage,Week 3,Breeze,100 Thieves,Sentinels,13,5
VCT 2026: Americas Stage 2,Group Stage,Week 3,Haven,Cloud9,LOUD,13,8
VCT 2026: Americas Stage 2,Group Stage,Week 3,Sunset,Cloud9,LOUD,8,13
VCT 2026: Americas Stage 2,Group Stage,Week 3,Summit,Cloud9,LOUD,8,13
VCT 2026: Americas Stage 2,Group Stage,Week 3,Haven,Evil Geniuses,MIBR,12,14
VCT 2026: Americas Stage 2,Group Stage,Week 3,Ascent,Evil Geniuses,MIBR,2,13
VCT 2026: Americas Stage 2,Group Stage,Week 3,Haven,ENVY,FURIA,15,17
VCT 2026: Americas Stage 2,Group Stage,Week 3,Sunset,ENVY,FURIA,13,9
VCT 2026: Americas Stage 2,Group Stage,Week 3,Ascent,ENVY,FURIA,13,6
VCT 2026: Americas Stage 2,Group Stage,Week 3,Summit,LEVIATÁN,NRG,10,13
VCT 2026: Americas Stage 2,Group Stage,Week 3,Sunset,LEVIATÁN,NRG,13,6
VCT 2026: Americas Stage 2,Group Stage,Week 3,Haven,LEVIATÁN,NRG,14,16
VCT 2026: Americas Stage 2,Group Stage,Week 3,Breeze,Cloud9,KRÜ Esports,13,7
VCT 2026: Americas Stage 2,Group Stage,Week 3,Split,Cloud9,KRÜ Esports,13,5
VCT 2026: Americas Stage 2,Group Stage,Week 3,Breeze,G2 Esports,Sentinels,11,13
VCT 2026: Americas Stage 2,Group Stage,Week 3,Lotus,G2 Esports,Sentinels,13,10
VCT 2026: Americas Stage 2,Group Stage,Week 3,Split,G2 Esports,Sentinels,13,8
VCT 2026: Americas Stage 2,Group Stage,Week 4,Summit,Evil Geniuses,FURIA,13,11
VCT 2026: Americas Stage 2,Group Stage,Week 4,Breeze,Evil Geniuses,FURIA,13,3
VCT 2026: Americas Stage 2,Group Stage,Week 4,Breeze,ENVY,NRG,6,13
VCT 2026: Americas Stage 2,Group Stage,Week 4,Haven,ENVY,NRG,9,13
VCT 2026: Americas Stage 2,Group Stage,Week 4,Split,100 Thieves,Cloud9,13,15
VCT 2026: Americas Stage 2,Group Stage,Week 4,Breeze,100 Thieves,Cloud9,11,13
VCT 2026: Americas Stage 2,Group Stage,Week 4,Sunset,G2 Esports,LOUD,13,15
VCT 2026: Americas Stage 2,Group Stage,Week 4,Lotus,G2 Esports,LOUD,1,13
VCT 2026: EMEA Stage 2,Group Stage,Week 2,Lotus,Eternal Fire,Team Heretics,10,13
VCT 2026: EMEA Stage 2,Group Stage,Week 2,Haven,Eternal Fire,Team Heretics,0,13
VCT 2026: EMEA Stage 2,Group Stage,Week 2,Sunset,Gentle Mates,Natus Vincere,13,10
VCT 2026: EMEA Stage 2,Group Stage,Week 2,Haven,Gentle Mates,Natus Vincere,13,7
VCT 2026: EMEA Stage 2,Group Stage,Week 2,Lotus,FUT Esports,BBL Esports,7,13
VCT 2026: EMEA Stage 2,Group Stage,Week 2,Split,FUT Esports,BBL Esports,13,7
VCT 2026: EMEA Stage 2,Group Stage,Week 2,Sunset,FUT Esports,BBL Esports,13,11
VCT 2026: EMEA Stage 2,Group Stage,Week 2,Summit,Team Liquid,FNATIC,13,6
VCT 2026: EMEA Stage 2,Group Stage,Week 2,Lotus,Team Liquid,FNATIC,13,5
VCT 2026: EMEA Stage 2,Group Stage,Week 2,Haven,PCIFIC Esports,Team Vitality,6,13
VCT 2026: EMEA Stage 2,Group Stage,Week 2,Sunset,PCIFIC Esports,Team Vitality,7,13
VCT 2026: EMEA Stage 2,Group Stage,Week 2,Split,Eternal Fire,GIANTX,5,13
VCT 2026: EMEA Stage 2,Group Stage,Week 2,Ascent,Eternal Fire,GIANTX,7,13
VCT 2026: EMEA Stage 2,Group Stage,Week 2,Haven,BBL Esports,Natus Vincere,11,13
VCT 2026: EMEA Stage 2,Group Stage,Week 2,Ascent,BBL Esports,Natus Vincere,13,9
VCT 2026: EMEA Stage 2,Group Stage,Week 2,Sunset,BBL Esports,Natus Vincere,13,3
VCT 2026: EMEA Stage 2,Group Stage,Week 2,Sunset,Team Heretics,Karmine Corp,4,13
VCT 2026: EMEA Stage 2,Group Stage,Week 2,Lotus,Team Heretics,Karmine Corp,2,13
VCT 2026: EMEA Stage 2,Group Stage,Week 3,Breeze,GIANTX,Team Liquid,6,13
VCT 2026: EMEA Stage 2,Group Stage,Week 3,Split,GIANTX,Team Liquid,7,13
VCT 2026: EMEA Stage 2,Group Stage,Week 3,Haven,Gentle Mates,Team Vitality,16,14
VCT 2026: EMEA Stage 2,Group Stage,Week 3,Split,Gentle Mates,Team Vitality,7,13
VCT 2026: EMEA Stage 2,Group Stage,Week 3,Ascent,Gentle Mates,Team Vitality,9,13
VCT 2026: EMEA Stage 2,Group Stage,Week 3,Ascent,Natus Vincere,PCIFIC Esports,13,11
VCT 2026: EMEA Stage 2,Group Stage,Week 3,Summit,Natus Vincere,PCIFIC Esports,14,12
VCT 2026: EMEA Stage 2,Group Stage,Week 3,Summit,Eternal Fire,FNATIC,16,14
VCT 2026: EMEA Stage 2,Group Stage,Week 3,Split,Eternal Fire,FNATIC,13,4
VCT 2026: EMEA Stage 2,Group Stage,Week 3,Lotus,BBL Esports,Gentle Mates,10,13
VCT 2026: EMEA Stage 2,Group Stage,Week 3,Ascent,BBL Esports,Gentle Mates,13,5
VCT 2026: EMEA Stage 2,Group Stage,Week 3,Sunset,BBL Esports,Gentle Mates,13,10
VCT 2026: EMEA Stage 2,Group Stage,Week 3,Haven,GIANTX,Team Heretics,6,13
VCT 2026: EMEA Stage 2,Group Stage,Week 3,Ascent,GIANTX,Team Heretics,10,13
VCT 2026: EMEA Stage 2,Group Stage,Week 3,Lotus,FUT Esports,Team Vitality,6,13
VCT 2026: EMEA Stage 2,Group Stage,Week 3,Haven,FUT Esports,Team Vitality,14,12
VCT 2026: EMEA Stage 2,Group Stage,Week 3,Split,FUT Esports,Team Vitality,6,13
VCT 2026: EMEA Stage 2,Group Stage,Week 3,Lotus,Karmine Corp,Team Liquid,13,11
VCT 2026: EMEA Stage 2,Group Stage,Week 3,Summit,Karmine Corp,Team Liquid,11,13
VCT 2026: EMEA Stage 2,Group Stage,Week 3,Haven,Karmine Corp,Team Liquid,13,11
VCT 2026: EMEA Stage 2,Group Stage,Week 3,Sunset,BBL Esports,PCIFIC Esports,13,7
VCT 2026: EMEA Stage 2,Group Stage,Week 3,Lotus,BBL Esports,PCIFIC Esports,9,13
VCT 2026: EMEA Stage 2,Group Stage,Week 3,Ascent,BBL Esports,PCIFIC Esports,13,7
VCT 2026: EMEA Stage 2,Group Stage,Week 3,Summit,FNATIC,Team Heretics,11,13
VCT 2026: EMEA Stage 2,Group Stage,Week 3,Ascent,FNATIC,Team Heretics,0,13
VCT 2026: China Stage 2,Main Event,Play-Ins: Upper Round 1,Lotus,Trace Esports,A Team,13,6
VCT 2026: China Stage 2,Main Event,Play-Ins: Upper Round 1,Sunset,Trace Esports,A Team,13,11
VCT 2026: China Stage 2,Main Event,Play-Ins: Upper Round 1,Sunset,Titan Esports Club,KeepBest Gaming,10,13
VCT 2026: China Stage 2,Main Event,Play-Ins: Upper Round 1,Summit,Titan Esports Club,KeepBest Gaming,16,14
VCT 2026: China Stage 2,Main Event,Play-Ins: Upper Round 1,Ascent,Titan Esports Club,KeepBest Gaming,13,2
VCT 2026: China Stage 2,Main Event,Play-Ins: Upper Quarterfinals,Summit,FunPlus Phoenix,JDG Esports,13,0
VCT 2026: China Stage 2,Main Event,Play-Ins: Upper Quarterfinals,Sunset,FunPlus Phoenix,JDG Esports,11,13
VCT 2026: China Stage 2,Main Event,Play-Ins: Upper Quarterfinals,Split,FunPlus Phoenix,JDG Esports,8,13
VCT 2026: China Stage 2,Main Event,Play-Ins: Upper Quarterfinals,Sunset,All Gamers,Trace Esports,5,13
VCT 2026: China Stage 2,Main Event,Play-Ins: Upper Quarterfinals,Split,All Gamers,Trace Esports,13,8
VCT 2026: China Stage 2,Main Event,Play-Ins: Upper Quarterfinals,Summit,All Gamers,Trace Esports,13,2
VCT 2026: China Stage 2,Main Event,Play-Ins: Upper Quarterfinals,Sunset,EDward Gaming,Titan Esports Club,13,7
VCT 2026: China Stage 2,Main Event,Play-Ins: Upper Quarterfinals,Split,EDward Gaming,Titan Esports Club,11,13
VCT 2026: China Stage 2,Main Event,Play-Ins: Upper Quarterfinals,Ascent,EDward Gaming,Titan Esports Club,9,13
VCT 2026: China Stage 2,Main Event,Play-Ins: Lower Round 1,Haven,A Team,Wolves Esports,13,11
VCT 2026: China Stage 2,Main Event,Play-Ins: Lower Round 1,Ascent,A Team,Wolves Esports,8,13
VCT 2026: China Stage 2,Main Event,Play-Ins: Lower Round 1,Summit,A Team,Wolves Esports,14,16
VCT 2026: China Stage 2,Main Event,Play-Ins: Lower Round 1,Breeze,KeepBest Gaming,FunPlus Phoenix,10,13
VCT 2026: China Stage 2,Main Event,Play-Ins: Lower Round 1,Sunset,KeepBest Gaming,FunPlus Phoenix,8,13
VCT 2026: EMEA Stage 2,Main Event,Play-Ins: Upper Round 1,Lotus,GIANTX,Eintracht Frankfurt,13,5
VCT 2026: EMEA Stage 2,Main Event,Play-Ins: Upper Round 1,Ascent,GIANTX,Eintracht Frankfurt,9,13
VCT 2026: EMEA Stage 2,Main Event,Play-Ins: Upper Round 1,Summit,GIANTX,Eintracht Frankfurt,13,9
VCT 2026: EMEA Stage 2,Main Event,Play-Ins: Upper Round 1,Breeze,Natus Vincere,Joblife,8,13
VCT 2026: EMEA Stage 2,Main Event,Play-Ins: Upper Round 1,Split,Natus Vincere,Joblife,13,7
VCT 2026: EMEA Stage 2,Main Event,Play-Ins: Upper Round 1,Ascent,Natus Vincere,Joblife,13,15
VCT 2026: EMEA Stage 2,Main Event,Play-Ins: Upper Round 1,Summit,PCIFIC Esports,Fire Flux Esports,5,13
VCT 2026: EMEA Stage 2,Main Event,Play-Ins: Upper Round 1,Split,PCIFIC Esports,Fire Flux Esports,6,13
VCT 2026: EMEA Stage 2,Main Event,Play-Ins: Upper Round 1,Lotus,FNATIC,Enterprise Esports,13,3
VCT 2026: EMEA Stage 2,Main Event,Play-Ins: Upper Round 1,Split,FNATIC,Enterprise Esports,10,13
VCT 2026: EMEA Stage 2,Main Event,Play-Ins: Upper Round 1,Haven,FNATIC,Enterprise Esports,11,13
VCT 2026: EMEA Stage 2,Main Event,Play-Ins: Upper Quarterfinals,Split,FUT Esports,GIANTX,13,6
VCT 2026: EMEA Stage 2,Main Event,Play-Ins: Upper Quarterfinals,Sunset,FUT Esports,GIANTX,13,10
VCT 2026: Pacific Stage 2,Group Stage,Week 4,Split,VARREL,Paper Rex,13,9
VCT 2026: Pacific Stage 2,Group Stage,Week 4,Sunset,VARREL,Paper Rex,13,11
VCT 2026: Pacific Stage 2,Group Stage,Week 4,Breeze,Nongshim RedForce,Rex Regum Qeon,12,14
VCT 2026: Pacific Stage 2,Group Stage,Week 4,Sunset,Nongshim RedForce,Rex Regum Qeon,13,11
VCT 2026: Pacific Stage 2,Group Stage,Week 4,Haven,Nongshim RedForce,Rex Regum Qeon,10,13
VCT 2026: Americas Stage 2,Group Stage,Week 4,Summit,KRÜ Esports,Sentinels,6,13
VCT 2026: Americas Stage 2,Group Stage,Week 4,Sunset,KRÜ Esports,Sentinels,13,6
VCT 2026: Americas Stage 2,Group Stage,Week 4,Breeze,KRÜ Esports,Sentinels,13,7
VCT 2026: Americas Stage 2,Group Stage,Week 4,Split,LEVIATÁN,MIBR,13,10
VCT 2026: Americas Stage 2,Group Stage,Week 4,Sunset,LEVIATÁN,MIBR,13,8
VCT 2026: Americas Stage 2,Group Stage,Week 4,Lotus,Evil Geniuses,NRG,1,13
VCT 2026: Americas Stage 2,Group Stage,Week 4,Breeze,Evil Geniuses,NRG,7,13
VCT 2026: Americas Stage 2,Group Stage,Week 4,Summit,LOUD,100 Thieves,8,13
VCT 2026: Americas Stage 2,Group Stage,Week 4,Haven,LOUD,100 Thieves,10,13
VCT 2026: China Stage 2,Main Event,Play-Ins: Lower Round 2,Ascent,EDward Gaming,Wolves Esports,11,13
VCT 2026: China Stage 2,Main Event,Play-Ins: Lower Round 2,Sunset,EDward Gaming,Wolves Esports,13,10
VCT 2026: China Stage 2,Main Event,Play-Ins: Lower Round 2,Haven,EDward Gaming,Wolves Esports,13,6
VCT 2026: China Stage 2,Main Event,Play-Ins: Upper Semifinals,Summit,All Gamers,JD Gaming,13,11
VCT 2026: China Stage 2,Main Event,Play-Ins: Upper Semifinals,Sunset,All Gamers,JD Gaming,14,12
VCT 2026: China Stage 2,Main Event,Play-Ins: Lower Round 3,Breeze,JD Gaming,EDward Gaming,13,6
VCT 2026: China Stage 2,Main Event,Play-Ins: Lower Round 3,Summit,JD Gaming,EDward Gaming,13,9
VCT 2026: China Stage 2,Main Event,Play-Ins: Lower Round 3,Sunset,Dragon Ranger Gaming,Trace Esports,16,14
VCT 2026: China Stage 2,Main Event,Play-Ins: Lower Round 3,Ascent,Dragon Ranger Gaming,Trace Esports,4,13
VCT 2026: China Stage 2,Main Event,Play-Ins: Lower Round 3,Summit,Dragon Ranger Gaming,Trace Esports,12,14
VCT 2026: China Stage 2,Main Event,Play-Ins: Upper Final,Sunset,All Gamers,Titan Esports Club,13,10
VCT 2026: China Stage 2,Main Event,Play-Ins: Upper Final,Ascent,All Gamers,Titan Esports Club,12,14
VCT 2026: China Stage 2,Main Event,Play-Ins: Upper Final,Summit,All Gamers,Titan Esports Club,9,13
VCT 2026: China Stage 2,Main Event,Play-Ins: Lower Final,Split,JD Gaming,Trace Esports,10,13
VCT 2026: China Stage 2,Main Event,Play-Ins: Lower Final,Sunset,JD Gaming,Trace Esports,8,13
VCT 2026: EMEA Stage 2,Main Event,Play-Ins: Upper Quarterfinals,Lotus,Eternal Fire,Joblife,10,13
VCT 2026: EMEA Stage 2,Main Event,Play-Ins: Upper Quarterfinals,Split,Eternal Fire,Joblife,14,12
VCT 2026: EMEA Stage 2,Main Event,Play-Ins: Upper Quarterfinals,Ascent,Eternal Fire,Joblife,13,7
VCT 2026: EMEA Stage 2,Main Event,Play-Ins: Upper Quarterfinals,Summit,Team Heretics,Fire Flux Esports,13,9
VCT 2026: EMEA Stage 2,Main Event,Play-Ins: Upper Quarterfinals,Sunset,Team Heretics,Fire Flux Esports,2,13
VCT 2026: EMEA Stage 2,Main Event,Play-Ins: Upper Quarterfinals,Ascent,Team Heretics,Fire Flux Esports,9,13
VCT 2026: EMEA Stage 2,Main Event,Play-Ins: Upper Quarterfinals,Summit,Gentle Mates,Enterprise Esports,9,13
VCT 2026: EMEA Stage 2,Main Event,Play-Ins: Upper Quarterfinals,Lotus,Gentle Mates,Enterprise Esports,6,13
VCT 2026: EMEA Stage 2,Main Event,Play-Ins: Lower Round 1,Split,Gentle Mates,Eintracht Frankfurt,11,13
VCT 2026: EMEA Stage 2,Main Event,Play-Ins: Lower Round 1,Haven,Gentle Mates,Eintracht Frankfurt,9,13
VCT 2026: EMEA Stage 2,Main Event,Play-Ins: Lower Round 1,Sunset,Team Heretics,Natus Vincere,15,13
VCT 2026: EMEA Stage 2,Main Event,Play-Ins: Lower Round 1,Haven,Team Heretics,Natus Vincere,11,13
VCT 2026: EMEA Stage 2,Main Event,Play-Ins: Lower Round 1,Summit,Team Heretics,Natus Vincere,13,7
VCT 2026: China Stage 2,Playoffs,Upper Quarterfinals,Sunset,TYLOO,Titan Esports Club,13,5
VCT 2026: China Stage 2,Playoffs,Upper Quarterfinals,Haven,TYLOO,Titan Esports Club,13,6
VCT 2026: China Stage 2,Playoffs,Upper Quarterfinals,Summit,Nova Esports,JD Gaming,9,13
VCT 2026: China Stage 2,Playoffs,Upper Quarterfinals,Split,Nova Esports,JD Gaming,7,13
VCT 2026: EMEA Stage 2,Main Event,Play-Ins: Lower Round 1,Lotus,Joblife,PCIFIC Esports,13,6
VCT 2026: EMEA Stage 2,Main Event,Play-Ins: Lower Round 1,Ascent,Joblife,PCIFIC Esports,8,13
VCT 2026: EMEA Stage 2,Main Event,Play-Ins: Lower Round 1,Split,Joblife,PCIFIC Esports,13,10
VCT 2026: EMEA Stage 2,Main Event,Play-Ins: Lower Round 1,Sunset,GIANTX,FNATIC,6,13
VCT 2026: EMEA Stage 2,Main Event,Play-Ins: Lower Round 1,Split,GIANTX,FNATIC,6,13
VCT 2026: EMEA Stage 2,Main Event,Play-Ins: Lower Round 2,Lotus,Eintracht Frankfurt,Team Heretics,13,11
VCT 2026: EMEA Stage 2,Main Event,Play-Ins: Lower Round 2,Haven,Eintracht Frankfurt,Team Heretics,13,7
VCT 2026: EMEA Stage 2,Main Event,Play-Ins: Lower Round 2,Lotus,Joblife,FNATIC,13,11
VCT 2026: EMEA Stage 2,Main Event,Play-Ins: Lower Round 2,Breeze,Joblife,FNATIC,13,8
VCT 2026: Americas Stage 2,Main Event,Play-Ins: Upper Round 1,Breeze,KRÜ Esports,BESTIA,3,13
VCT 2026: Americas Stage 2,Main Event,Play-Ins: Upper Round 1,Sunset,KRÜ Esports,BESTIA,13,1
VCT 2026: Americas Stage 2,Main Event,Play-Ins: Upper Round 1,Summit,KRÜ Esports,BESTIA,13,6
VCT 2026: Americas Stage 2,Main Event,Play-Ins: Upper Round 1,Ascent,ENVY,M80,13,5
VCT 2026: Americas Stage 2,Main Event,Play-Ins: Upper Round 1,Split,ENVY,M80,13,11
VCT 2026: Americas Stage 2,Main Event,Play-Ins: Upper Round 1,Ascent,FURIA,2Game Esports,11,13
VCT 2026: Americas Stage 2,Main Event,Play-Ins: Upper Round 1,Split,FURIA,2Game Esports,13,7
VCT 2026: Americas Stage 2,Main Event,Play-Ins: Upper Round 1,Sunset,FURIA,2Game Esports,13,10
VCT 2026: Americas Stage 2,Main Event,Play-Ins: Upper Round 1,Lotus,Cloud9,Fluxo W7M,7,13
VCT 2026: Americas Stage 2,Main Event,Play-Ins: Upper Round 1,Breeze,Cloud9,Fluxo W7M,13,4
VCT 2026: Americas Stage 2,Main Event,Play-Ins: Upper Round 1,Split,Cloud9,Fluxo W7M,13,4
VCT 2026: Pacific Stage 2,Main Event,Play-Ins: Upper Round 1,Lotus,Kiwoom DRX,ONSIDE GAMING,13,10
VCT 2026: Pacific Stage 2,Main Event,Play-Ins: Upper Round 1,Sunset,Kiwoom DRX,ONSIDE GAMING,13,8
VCT 2026: Pacific Stage 2,Main Event,Play-Ins: Upper Round 1,Haven,Rex Regum Qeon,Sharper Esports,10,13
VCT 2026: Pacific Stage 2,Main Event,Play-Ins: Upper Round 1,Sunset,Rex Regum Qeon,Sharper Esports,13,1
VCT 2026: Pacific Stage 2,Main Event,Play-Ins: Upper Round 1,Breeze,Rex Regum Qeon,Sharper Esports,6,13
VCT 2026: Pacific Stage 2,Main Event,Play-Ins: Upper Round 1,Split,FULL SENSE,QT DIG∞,13,7
VCT 2026: Pacific Stage 2,Main Event,Play-Ins: Upper Round 1,Haven,FULL SENSE,QT DIG∞,8,13
VCT 2026: Pacific Stage 2,Main Event,Play-Ins: Upper Round 1,Summit,FULL SENSE,QT DIG∞,13,4
VCT 2026: Pacific Stage 2,Main Event,Play-Ins: Upper Round 1,Summit,Team Secret,Xipto Esports,13,8
VCT 2026: Pacific Stage 2,Main Event,Play-Ins: Upper Round 1,Sunset,Team Secret,Xipto Esports,13,11
VCT 2026: China Stage 2,Playoffs,Upper Quarterfinals,Split,Xi Lai Gaming,All Gamers,3,13
VCT 2026: China Stage 2,Playoffs,Upper Quarterfinals,Lotus,Xi Lai Gaming,All Gamers,13,5
VCT 2026: China Stage 2,Playoffs,Upper Quarterfinals,Sunset,Xi Lai Gaming,All Gamers,13,10
VCT 2026: China Stage 2,Playoffs,Upper Quarterfinals,Lotus,Bilibili Gaming,Trace Esports,8,13
VCT 2026: China Stage 2,Playoffs,Upper Quarterfinals,Sunset,Bilibili Gaming,Trace Esports,16,14
VCT 2026: China Stage 2,Playoffs,Upper Quarterfinals,Split,Bilibili Gaming,Trace Esports,13,9
VCT 2026: China Stage 2,Playoffs,Lower Round 1,Summit,Titan Esports Club,Nova Esports,11,13
VCT 2026: China Stage 2,Playoffs,Lower Round 1,Sunset,Titan Esports Club,Nova Esports,8,13
VCT 2026: EMEA Stage 2,Main Event,Play-Ins: Upper Semifinals,Lotus,FUT Esports,Eternal Fire,15,13
VCT 2026: EMEA Stage 2,Main Event,Play-Ins: Upper Semifinals,Ascent,FUT Esports,Eternal Fire,13,9
VCT 2026: EMEA Stage 2,Main Event,Play-Ins: Upper Semifinals,Lotus,Fire Flux Esports,Enterprise Esports,13,15
VCT 2026: EMEA Stage 2,Main Event,Play-Ins: Upper Semifinals,Split,Fire Flux Esports,Enterprise Esports,10,13
VCT 2026: EMEA Stage 2,Main Event,Play-Ins: Lower Round 3,Lotus,Eternal Fire,Eintracht Frankfurt,11,13
VCT 2026: EMEA Stage 2,Main Event,Play-Ins: Lower Round 3,Split,Eternal Fire,Eintracht Frankfurt,7,13
VCT 2026: EMEA Stage 2,Main Event,Play-Ins: Lower Round 3,Split,Fire Flux Esports,Joblife,13,9
VCT 2026: EMEA Stage 2,Main Event,Play-Ins: Lower Round 3,Lotus,Fire Flux Esports,Joblife,13,8
VCT 2026: Americas Stage 2,Main Event,Play-Ins: Upper Quarterfinals,Breeze,MIBR,KRÜ Esports,13,6
VCT 2026: Americas Stage 2,Main Event,Play-Ins: Upper Quarterfinals,Sunset,MIBR,KRÜ Esports,13,6
VCT 2026: Americas Stage 2,Main Event,Play-Ins: Upper Quarterfinals,Ascent,Sentinels,ENVY,10,13
VCT 2026: Americas Stage 2,Main Event,Play-Ins: Upper Quarterfinals,Summit,Sentinels,ENVY,3,13
VCT 2026: Pacific Stage 2,Main Event,Play-Ins: Upper Quarterfinals,Lotus,ZETA DIVISION,Kiwoom DRX,11,13
VCT 2026: Pacific Stage 2,Main Event,Play-Ins: Upper Quarterfinals,Sunset,ZETA DIVISION,Kiwoom DRX,13,11
VCT 2026: Pacific Stage 2,Main Event,Play-Ins: Upper Quarterfinals,Haven,ZETA DIVISION,Kiwoom DRX,6,13
VCT 2026: Pacific Stage 2,Main Event,Play-Ins: Upper Quarterfinals,Ascent,DetonatioN FocusMe,Sharper Esports,12,14
VCT 2026: Pacific Stage 2,Main Event,Play-Ins: Upper Quarterfinals,Sunset,DetonatioN FocusMe,Sharper Esports,13,9
VCT 2026: Pacific Stage 2,Main Event,Play-Ins: Upper Quarterfinals,Breeze,DetonatioN FocusMe,Sharper Esports,10,13
VCT 2026: Pacific Stage 2,Main Event,Play-Ins: Upper Quarterfinals,Breeze,T1,FULL SENSE,13,1
VCT 2026: Pacific Stage 2,Main Event,Play-Ins: Upper Quarterfinals,Lotus,T1,FULL SENSE,13,8
VCT 2026: Pacific Stage 2,Main Event,Play-Ins: Upper Quarterfinals,Summit,Nongshim RedForce,Team Secret,13,9
VCT 2026: Pacific Stage 2,Main Event,Play-Ins: Upper Quarterfinals,Breeze,Nongshim RedForce,Team Secret,13,5
VCT 2026: China Stage 2,Playoffs,Upper Semifinals,Breeze,TYLOO,JD Gaming,7,13
VCT 2026: China Stage 2,Playoffs,Upper Semifinals,Summit,TYLOO,JD Gaming,13,10
VCT 2026: China Stage 2,Playoffs,Upper Semifinals,Ascent,TYLOO,JD Gaming,9,13
VCT 2026: China Stage 2,Playoffs,Upper Semifinals,Lotus,Xi Lai Gaming,Bilibili Gaming,11,13
VCT 2026: China Stage 2,Playoffs,Upper Semifinals,Split,Xi Lai Gaming,Bilibili Gaming,13,8
VCT 2026: China Stage 2,Playoffs,Upper Semifinals,Haven,Xi Lai Gaming,Bilibili Gaming,5,13
VCT 2026: China Stage 2,Playoffs,Upper Final,Lotus,JD Gaming,Bilibili Gaming,13,7
VCT 2026: China Stage 2,Playoffs,Upper Final,Split,JD Gaming,Bilibili Gaming,13,8
VCT 2026: China Stage 2,Playoffs,Lower Round 2,Split,Xi Lai Gaming,Nova Esports,13,6
VCT 2026: China Stage 2,Playoffs,Lower Round 2,Lotus,Xi Lai Gaming,Nova Esports,5,13
VCT 2026: China Stage 2,Playoffs,Lower Round 2,Breeze,Xi Lai Gaming,Nova Esports,3,13
VCT 2026: China Stage 2,Playoffs,Lower Round 2,Sunset,TYLOO,All Gamers,13,9
VCT 2026: China Stage 2,Playoffs,Lower Round 2,Split,TYLOO,All Gamers,14,12
VCT 2026: Americas Stage 2,Main Event,Play-Ins: Upper Quarterfinals,Split,G2 Esports,FURIA,14,12
VCT 2026: Americas Stage 2,Main Event,Play-Ins: Upper Quarterfinals,Haven,G2 Esports,FURIA,10,13
VCT 2026: Americas Stage 2,Main Event,Play-Ins: Upper Quarterfinals,Breeze,G2 Esports,FURIA,9,13
VCT 2026: Americas Stage 2,Main Event,Play-Ins: Upper Quarterfinals,Breeze,Evil Geniuses,Cloud9,6,13
VCT 2026: Americas Stage 2,Main Event,Play-Ins: Upper Quarterfinals,Haven,Evil Geniuses,Cloud9,13,6
VCT 2026: Americas Stage 2,Main Event,Play-Ins: Upper Quarterfinals,Sunset,Evil Geniuses,Cloud9,13,11
VCT 2026: Americas Stage 2,Main Event,Play-Ins: Lower Round 1,Lotus,Cloud9,BESTIA,8,13
VCT 2026: Americas Stage 2,Main Event,Play-Ins: Lower Round 1,Breeze,Cloud9,BESTIA,10,13
VCT 2026: Americas Stage 2,Main Event,Play-Ins: Lower Round 1,Breeze,G2 Esports,M80,14,12
VCT 2026: Americas Stage 2,Main Event,Play-Ins: Lower Round 1,Sunset,G2 Esports,M80,13,7
VCT 2026: Americas Stage 2,Main Event,Play-Ins: Lower Round 1,Haven,Sentinels,2Game Esports,13,8
VCT 2026: Americas Stage 2,Main Event,Play-Ins: Lower Round 1,Split,Sentinels,2Game Esports,13,10
VCT 2026: Americas Stage 2,Main Event,Play-Ins: Lower Round 1,Lotus,KRÜ Esports,Fluxo W7M,13,8
VCT 2026: Americas Stage 2,Main Event,Play-Ins: Lower Round 1,Ascent,KRÜ Esports,Fluxo W7M,13,11
VCT 2026: Pacific Stage 2,Main Event,Play-Ins: Upper Semifinals,Haven,Kiwoom DRX,Sharper Esports,13,2
VCT 2026: Pacific Stage 2,Main Event,Play-Ins: Upper Semifinals,Ascent,Kiwoom DRX,Sharper Esports,14,16
VCT 2026: Pacific Stage 2,Main Event,Play-Ins: Upper Semifinals,Sunset,Kiwoom DRX,Sharper Esports,13,9
VCT 2026: Pacific Stage 2,Main Event,Play-Ins: Upper Semifinals,Ascent,T1,Nongshim RedForce,5,13
VCT 2026: Pacific Stage 2,Main Event,Play-Ins: Upper Semifinals,Haven,T1,Nongshim RedForce,10,13
VCT 2026: Pacific Stage 2,Main Event,Play-Ins: Lower Round 1,Ascent,Team Secret,ONSIDE GAMING,11,13
VCT 2026: Pacific Stage 2,Main Event,Play-Ins: Lower Round 1,Split,Team Secret,ONSIDE GAMING,10,13
VCT 2026: Pacific Stage 2,Main Event,Play-Ins: Lower Round 1,Summit,FULL SENSE,Rex Regum Qeon,4,13
VCT 2026: Pacific Stage 2,Main Event,Play-Ins: Lower Round 1,Sunset,FULL SENSE,Rex Regum Qeon,13,11
VCT 2026: Pacific Stage 2,Main Event,Play-Ins: Lower Round 1,Lotus,FULL SENSE,Rex Regum Qeon,13,7
VCT 2026: Pacific Stage 2,Main Event,Play-Ins: Lower Round 1,Lotus,DetonatioN FocusMe,QT DIG∞,12,14
VCT 2026: Pacific Stage 2,Main Event,Play-Ins: Lower Round 1,Breeze,DetonatioN FocusMe,QT DIG∞,13,7
VCT 2026: Pacific Stage 2,Main Event,Play-Ins: Lower Round 1,Ascent,DetonatioN FocusMe,QT DIG∞,13,9
VCT 2026: Pacific Stage 2,Main Event,Play-Ins: Lower Round 1,Haven,ZETA DIVISION,Xipto Esports,13,11
VCT 2026: Pacific Stage 2,Main Event,Play-Ins: Lower Round 1,Split,ZETA DIVISION,Xipto Esports,9,13
VCT 2026: Pacific Stage 2,Main Event,Play-Ins: Lower Round 1,Sunset,ZETA DIVISION,Xipto Esports,13,9
VCT 2026: EMEA Stage 2,Playoffs,Upper Round 1,Haven,Team Liquid,FUT Esports,11,13
VCT 2026: EMEA Stage 2,Playoffs,Upper Round 1,Summit,Team Liquid,FUT Esports,11,13
VCT 2026: EMEA Stage 2,Playoffs,Upper Round 1,Summit,Team Vitality,Enterprise Esports,13,6
VCT 2026: EMEA Stage 2,Playoffs,Upper Round 1,Abyss,Team Vitality,Enterprise Esports,11,13
VCT 2026: EMEA Stage 2,Playoffs,Upper Round 1,Lotus,Team Vitality,Enterprise Esports,4,13
VCT 2026: EMEA Stage 2,Playoffs,Upper Semifinals,Summit,BBL Esports,FUT Esports,13,8
VCT 2026: EMEA Stage 2,Playoffs,Upper Semifinals,Haven,BBL Esports,FUT Esports,6,13
VCT 2026: EMEA Stage 2,Playoffs,Upper Semifinals,Ascent,BBL Esports,FUT Esports,5,13
VCT 2026: EMEA Stage 2,Playoffs,Upper Semifinals,Haven,Karmine Corp,Enterprise Esports,13,10
VCT 2026: EMEA Stage 2,Playoffs,Upper Semifinals,Abyss,Karmine Corp,Enterprise Esports,9,13
VCT 2026: EMEA Stage 2,Playoffs,Upper Semifinals,Lotus,Karmine Corp,Enterprise Esports,13,6
VCT 2026: China Stage 2,Playoffs,Lower Final,Sunset,Bilibili Gaming,TYLOO,12,14
VCT 2026: China Stage 2,Playoffs,Lower Final,Summit,Bilibili Gaming,TYLOO,6,13
VCT 2026: China Stage 2,Playoffs,Lower Final,Split,Bilibili Gaming,TYLOO,15,17
VCT 2026: Americas Stage 2,Main Event,Play-Ins: Upper Semifinals,Sunset,MIBR,ENVY,5,13
VCT 2026: Americas Stage 2,Main Event,Play-Ins: Upper Semifinals,Ascent,MIBR,ENVY,13,9
VCT 2026: Americas Stage 2,Main Event,Play-Ins: Upper Semifinals,Split,MIBR,ENVY,13,5
VCT 2026: Americas Stage 2,Main Event,Play-Ins: Upper Semifinals,Sunset,FURIA,Evil Geniuses,7,13
VCT 2026: Americas Stage 2,Main Event,Play-Ins: Upper Semifinals,Breeze,FURIA,Evil Geniuses,13,7
VCT 2026: Americas Stage 2,Main Event,Play-Ins: Upper Semifinals,Haven,FURIA,Evil Geniuses,13,8
VCT 2026: Americas Stage 2,Main Event,Play-Ins: Lower Round 2,Breeze,BESTIA,G2 Esports,8,13
VCT 2026: Americas Stage 2,Main Event,Play-Ins: Lower Round 2,Ascent,BESTIA,G2 Esports,5,13
VCT 2026: Americas Stage 2,Main Event,Play-Ins: Lower Round 2,Ascent,Sentinels,KRÜ Esports,7,13
VCT 2026: Americas Stage 2,Main Event,Play-Ins: Lower Round 2,Haven,Sentinels,KRÜ Esports,8,13
VCT 2026: Pacific Stage 2,Main Event,Play-Ins: Lower Round 2,Sunset,ONSIDE GAMING,FULL SENSE,13,6
VCT 2026: Pacific Stage 2,Main Event,Play-Ins: Lower Round 2,Haven,ONSIDE GAMING,FULL SENSE,13,10
VCT 2026: Pacific Stage 2,Main Event,Play-Ins: Lower Round 2,Ascent,DetonatioN FocusMe,ZETA DIVISION,13,4
VCT 2026: Pacific Stage 2,Main Event,Play-Ins: Lower Round 2,Split,DetonatioN FocusMe,ZETA DIVISION,13,3
VCT 2026: EMEA Stage 2,Playoffs,Lower Round 1,Lotus,Team Liquid,Eintracht Frankfurt,6,13
VCT 2026: EMEA Stage 2,Playoffs,Lower Round 1,Split,Team Liquid,Eintracht Frankfurt,13,1
VCT 2026: EMEA Stage 2,Playoffs,Lower Round 1,Ascent,Team Liquid,Eintracht Frankfurt,13,1
VCT 2026: EMEA Stage 2,Playoffs,Lower Round 1,Abyss,Team Vitality,Fire Flux Esports,13,11
VCT 2026: EMEA Stage 2,Playoffs,Lower Round 1,Ascent,Team Vitality,Fire Flux Esports,11,13
VCT 2026: EMEA Stage 2,Playoffs,Lower Round 1,Split,Team Vitality,Fire Flux Esports,7,13
VCT 2026: Americas Stage 2,Main Event,Play-Ins: Lower Round 3,Lotus,ENVY,G2 Esports,6,13
VCT 2026: Americas Stage 2,Main Event,Play-Ins: Lower Round 3,Ascent,ENVY,G2 Esports,14,12
VCT 2026: Americas Stage 2,Main Event,Play-Ins: Lower Round 3,Haven,ENVY,G2 Esports,8,13
VCT 2026: Americas Stage 2,Main Event,Play-Ins: Lower Round 3,Lotus,Evil Geniuses,KRÜ Esports,9,13
VCT 2026: Americas Stage 2,Main Event,Play-Ins: Lower Round 3,Sunset,Evil Geniuses,KRÜ Esports,13,9
VCT 2026: Americas Stage 2,Main Event,Play-Ins: Lower Round 3,Summit,Evil Geniuses,KRÜ Esports,13,3
VCT 2026: Pacific Stage 2,Main Event,Play-Ins: Lower Round 3,Ascent,Sharper Esports,ONSIDE GAMING,13,2
VCT 2026: Pacific Stage 2,Main Event,Play-Ins: Lower Round 3,Haven,Sharper Esports,ONSIDE GAMING,5,13
VCT 2026: Pacific Stage 2,Main Event,Play-Ins: Lower Round 3,Breeze,Sharper Esports,ONSIDE GAMING,12,14
VCT 2026: Pacific Stage 2,Main Event,Play-Ins: Lower Round 3,Ascent,T1,DetonatioN FocusMe,13,7
VCT 2026: Pacific Stage 2,Main Event,Play-Ins: Lower Round 3,Haven,T1,DetonatioN FocusMe,13,8
VCT 2026: EMEA Stage 2,Playoffs,Lower Round 2,Lotus,Enterprise Esports,Team Liquid,4,13
VCT 2026: EMEA Stage 2,Playoffs,Lower Round 2,Abyss,Enterprise Esports,Team Liquid,12,14
VCT 2026: EMEA Stage 2,Playoffs,Lower Round 2,Abyss,BBL Esports,Fire Flux Esports,11,13
VCT 2026: EMEA Stage 2,Playoffs,Lower Round 2,Summit,BBL Esports,Fire Flux Esports,11,13
VCT 2026: Pacific Stage 2,Playoffs,Upper Round 1,Abyss,Paper Rex,Nongshim RedForce,7,13
VCT 2026: Pacific Stage 2,Playoffs,Upper Round 1,Split,Paper Rex,Nongshim RedForce,10,13
VCT 2026: Pacific Stage 2,Playoffs,Upper Round 1,Lotus,Global Esports,Kiwoom DRX,13,11
VCT 2026: Pacific Stage 2,Playoffs,Upper Round 1,Ascent,Global Esports,Kiwoom DRX,8,13
VCT 2026: Pacific Stage 2,Playoffs,Upper Round 1,Abyss,Global Esports,Kiwoom DRX,13,9
VCT 2026: Americas Stage 2,Playoffs,Upper Round 1,Haven,LOUD,FURIA,13,4
VCT 2026: Americas Stage 2,Playoffs,Upper Round 1,Summit,LOUD,FURIA,13,9
VCT 2026: Pacific Stage 2,Playoffs,Upper Semifinals,Split,VARREL,Global Esports,10,13
VCT 2026: Pacific Stage 2,Playoffs,Upper Semifinals,Summit,VARREL,Global Esports,5,13
VCT 2026: Pacific Stage 2,Playoffs,Lower Round 1,Abyss,Paper Rex,ONSIDE GAMING,13,11
VCT 2026: Pacific Stage 2,Playoffs,Lower Round 1,Ascent,Paper Rex,ONSIDE GAMING,13,5
